-- Community edition showcase seed data
-- All rows are fictional and generated for demo usage only
USE `family_tree_showcase`;
SET NAMES utf8mb4;
SET FOREIGN_KEY_CHECKS = 0;

TRUNCATE TABLE `family_tree_relations`;
TRUNCATE TABLE `system_config`;
TRUNCATE TABLE `operation_logs`;
TRUNCATE TABLE `family_event_notification_delivery`;
TRUNCATE TABLE `family_event_notification`;
TRUNCATE TABLE `family_event_subscription`;
TRUNCATE TABLE `migration_timeline`;
TRUNCATE TABLE `home_gallery_image`;
TRUNCATE TABLE `audit_records`;
TRUNCATE TABLE `family_user_relation`;
TRUNCATE TABLE `family_member`;
TRUNCATE TABLE `families`;
TRUNCATE TABLE `admins`;
TRUNCATE TABLE `users`;

INSERT INTO `users` (`id`, `openid`, `unionid`, `nick_name`, `avatar_url`, `gender`, `phone`, `email`, `real_name`, `id_card`, `preferred_member_id`, `status`, `role`, `last_login_time`, `last_login_ip`, `created_at`, `updated_at`, `deleted`) VALUES
  (1, 'demo_openid_01', NULL, '澄源堂管家', 'https://picsum.photos/seed/user-1/480/480', 1, NULL, 'demo1@showcase.local', '演示管理员', NULL, NULL, 0, 2, '2026-04-17 10:00:00', '10.0.0.1', '2026-02-16 10:00:00', '2026-04-15 10:00:00', 0),
  (2, 'demo_openid_02', NULL, '云川谱局', 'https://picsum.photos/seed/user-2/480/480', 1, NULL, 'demo2@showcase.local', '谱局协理', NULL, 65, 0, 1, '2026-04-16 10:00:00', '10.0.0.2', '2026-02-15 10:00:00', '2026-04-16 10:00:00', 0),
  (3, 'demo_openid_03', NULL, '青岑小组', 'https://picsum.photos/seed/user-3/480/480', 2, NULL, 'demo3@showcase.local', '沈青岑', NULL, 66, 0, 0, '2026-04-15 10:00:00', '10.0.0.3', '2026-02-14 10:00:00', '2026-04-16 10:00:00', 0),
  (4, 'demo_openid_04', NULL, '允航同学', 'https://picsum.photos/seed/user-4/480/480', 1, NULL, 'demo4@showcase.local', '沈允航', NULL, 67, 0, 0, '2026-04-14 10:00:00', '10.0.0.4', '2026-02-13 10:00:00', '2026-04-16 10:00:00', 0),
  (5, 'demo_openid_05', NULL, '知湛记录', 'https://picsum.photos/seed/user-5/480/480', 1, NULL, 'demo5@showcase.local', '沈知湛', NULL, 68, 0, 0, '2026-04-13 10:00:00', '10.0.0.5', '2026-02-12 10:00:00', '2026-04-16 10:00:00', 0),
  (6, 'demo_openid_06', NULL, '从岳档案', 'https://picsum.photos/seed/user-6/480/480', 2, NULL, 'demo6@showcase.local', '沈从岳', NULL, 69, 0, 0, '2026-04-12 10:00:00', '10.0.0.6', '2026-02-11 10:00:00', '2026-04-16 10:00:00', 0),
  (7, 'demo_openid_07', NULL, '云谦影像', 'https://picsum.photos/seed/user-7/480/480', 1, NULL, 'demo7@showcase.local', '沈云谦', NULL, 70, 0, 0, '2026-04-11 10:00:00', '10.0.0.7', '2026-02-10 10:00:00', '2026-04-16 10:00:00', 0),
  (8, 'demo_openid_08', NULL, '知衡手札', 'https://picsum.photos/seed/user-8/480/480', 1, NULL, 'demo8@showcase.local', '沈知衡', NULL, 71, 0, 0, '2026-04-10 10:00:00', '10.0.0.8', '2026-02-09 10:00:00', '2026-04-16 10:00:00', 0),
  (9, 'demo_openid_09', NULL, '青朗返乡', 'https://picsum.photos/seed/user-9/480/480', 2, NULL, 'demo9@showcase.local', '沈青朗', NULL, 72, 0, 0, '2026-04-09 10:00:00', '10.0.0.9', '2026-02-08 10:00:00', '2026-04-16 10:00:00', 0),
  (10, 'demo_openid_10', NULL, '允庭画册', 'https://picsum.photos/seed/user-10/480/480', 1, NULL, 'demo10@showcase.local', '沈允庭', NULL, 73, 0, 0, '2026-04-08 10:00:00', '10.0.0.10', '2026-02-07 10:00:00', '2026-04-16 10:00:00', 0),
  (11, 'demo_openid_11', NULL, '云槐计划', 'https://picsum.photos/seed/user-11/480/480', 1, NULL, 'demo11@showcase.local', '沈云槐', NULL, 74, 0, 0, '2026-04-07 10:00:00', '10.0.0.11', '2026-02-06 10:00:00', '2026-04-16 10:00:00', 0),
  (12, 'demo_openid_12', NULL, '知言社', 'https://picsum.photos/seed/user-12/480/480', 2, NULL, 'demo12@showcase.local', '沈知言', NULL, 75, 0, 0, '2026-04-06 10:00:00', '10.0.0.12', '2026-02-05 10:00:00', '2026-04-16 10:00:00', 0),
  (13, 'demo_openid_13', NULL, '从岚日记', 'https://picsum.photos/seed/user-13/480/480', 1, NULL, 'demo13@showcase.local', '沈从岚', NULL, 76, 0, 0, '2026-04-05 10:00:00', '10.0.0.13', '2026-02-04 10:00:00', '2026-04-16 10:00:00', 0),
  (14, 'demo_openid_14', NULL, '青溪电台', 'https://picsum.photos/seed/user-14/480/480', 1, NULL, 'demo14@showcase.local', '沈青溪', NULL, 77, 0, 0, '2026-04-04 10:00:00', '10.0.0.14', '2026-02-03 10:00:00', '2026-04-16 10:00:00', 0);

INSERT INTO `admins` (`id`, `user_id`, `username`, `password`, `real_name`, `role`, `permissions`, `status`, `created_at`, `updated_at`, `deleted`) VALUES
  (1, 1, 'demo_admin', 'demo123456', '演示管理员', 2, '["members","audit","gallery","notification"]', 0, '2026-03-09 10:00:00', '2026-04-16 10:00:00', 0);

INSERT INTO `families` (`id`, `name`, `surname`, `origin_place`, `founder_name`, `founding_year`, `description`, `cover_image`, `creator_id`, `status`, `member_count`, `view_count`, `created_at`, `updated_at`, `deleted`) VALUES
  (1, '云川沈氏·澄源堂', '沈', '徽州歙南澄源里', '沈云川', '1478', '一套完全虚构的演示家谱数据，用于展示树谱、成员详情、影像橱窗、迁徙时间线与家族通知能力。', 'https://picsum.photos/seed/family-cover/1600/1066', 1, 1, 150, 328, '2025-12-19 10:00:00', '2026-04-17 10:00:00', 0);

INSERT INTO `family_member` (`id`, `name`, `gender`, `birth_date`, `id_card`, `phone`, `occupation`, `workplace`, `current_address`, `father_id`, `mother_id`, `spouse_id`, `avatar_url`, `introduction`, `is_alive`, `death_date`, `sort_order`, `create_time`, `update_time`, `deleted`, `user_id`, `creator_id`, `generation`, `audit_status`, `auditor_id`, `audit_time`, `audit_remark`, `spouse_name`, `mother_name`, `is_external_spouse`) VALUES
  (1, '沈澄衡', 1, '1788-01', NULL, NULL, '义学塾师', '徽州歙南义学馆', '徽州歙南', NULL, NULL, NULL, NULL, '云川沈氏第6代成员，负责族内学务与账册保管。', 0, '1860-10', 1, '2025-04-17 10:00:00', '2026-03-19 10:00:00', 0, NULL, 1, 6, 1, 1, '2026-03-29 10:00:00', '演示数据已审核归档', NULL, NULL, 0),
  (2, '沈景衡', 1, '1806-01', NULL, NULL, '义学塾师', '徽州歙南义学馆', '徽州歙南', 1, NULL, NULL, NULL, '云川沈氏第7代成员，负责族内学务与账册保管。', 0, '1878-10', 1, '2025-04-26 10:00:00', '2026-03-19 10:00:00', 0, NULL, 1, 7, 1, 1, '2026-03-29 10:00:00', '演示数据已审核归档', NULL, NULL, 0),
  (3, '沈景川', 1, '1807-02', NULL, NULL, '木作匠师', '黟县碧阳义学馆', '黟县碧阳', 1, NULL, NULL, NULL, '云川沈氏第7代成员，负责族内学务与账册保管。', 0, '1879-10', 2, '2025-04-25 10:00:00', '2026-03-20 10:00:00', 0, NULL, 1, 7, 1, 1, '2026-03-29 10:00:00', '演示数据已审核归档', NULL, NULL, 0),
  (4, '沈承衡', 1, '1824-01', NULL, NULL, '义学塾师', '徽州歙南义学馆', '徽州歙南', 2, NULL, NULL, NULL, '云川沈氏第8代成员，负责族内学务与账册保管。', 0, '1896-10', 1, '2025-05-05 10:00:00', '2026-03-19 10:00:00', 0, NULL, 1, 8, 1, 1, '2026-03-29 10:00:00', '演示数据已审核归档', NULL, NULL, 0),
  (5, '沈承川', 1, '1825-02', NULL, NULL, '木作匠师', '黟县碧阳义学馆', '黟县碧阳', 3, NULL, NULL, NULL, '云川沈氏第8代成员，负责族内学务与账册保管。', 0, '1897-10', 2, '2025-05-04 10:00:00', '2026-03-20 10:00:00', 0, NULL, 1, 8, 1, 1, '2026-03-29 10:00:00', '演示数据已审核归档', NULL, NULL, 0),
  (6, '沈承岳', 1, '1826-03', NULL, NULL, '药铺掌柜', '绩溪伏岭义学馆', '绩溪伏岭', 2, NULL, NULL, NULL, '云川沈氏第8代成员，负责族内学务与账册保管。', 0, '1898-10', 3, '2025-05-03 10:00:00', '2026-03-21 10:00:00', 0, NULL, 1, 8, 1, 1, '2026-03-29 10:00:00', '演示数据已审核归档', NULL, NULL, 0),
  (7, '沈承航', 1, '1827-04', NULL, NULL, '水运账房', '婺源江湾义学馆', '婺源江湾', 3, NULL, NULL, NULL, '云川沈氏第8代成员，负责族内学务与账册保管。', 0, '1899-10', 4, '2025-05-02 10:00:00', '2026-03-22 10:00:00', 0, NULL, 1, 8, 1, 1, '2026-03-29 10:00:00', '演示数据已审核归档', NULL, NULL, 0),
  (8, '沈叙衡', 1, '1842-01', NULL, NULL, '义学塾师', '徽州歙南义学馆', '徽州歙南', 4, NULL, NULL, NULL, '云川沈氏第9代成员，负责族内学务与账册保管。', 0, '1914-10', 1, '2025-05-14 10:00:00', '2026-03-19 10:00:00', 0, NULL, 1, 9, 1, 1, '2026-03-29 10:00:00', '演示数据已审核归档', NULL, NULL, 0),
  (9, '沈叙川', 1, '1843-02', NULL, NULL, '木作匠师', '黟县碧阳义学馆', '黟县碧阳', 5, NULL, NULL, NULL, '云川沈氏第9代成员，负责族内学务与账册保管。', 0, '1915-10', 2, '2025-05-13 10:00:00', '2026-03-20 10:00:00', 0, NULL, 1, 9, 1, 1, '2026-03-29 10:00:00', '演示数据已审核归档', NULL, NULL, 0),
  (10, '沈叙岳', 1, '1844-03', NULL, NULL, '药铺掌柜', '绩溪伏岭义学馆', '绩溪伏岭', 6, NULL, NULL, NULL, '云川沈氏第9代成员，负责族内学务与账册保管。', 0, '1916-10', 3, '2025-05-12 10:00:00', '2026-03-21 10:00:00', 0, NULL, 1, 9, 1, 1, '2026-03-29 10:00:00', '演示数据已审核归档', NULL, NULL, 0),
  (11, '沈叙航', 1, '1845-04', NULL, NULL, '水运账房', '婺源江湾义学馆', '婺源江湾', 7, NULL, NULL, NULL, '云川沈氏第9代成员，负责族内学务与账册保管。', 0, '1917-10', 4, '2025-05-11 10:00:00', '2026-03-22 10:00:00', 0, NULL, 1, 9, 1, 1, '2026-03-29 10:00:00', '演示数据已审核归档', NULL, NULL, 0),
  (12, '沈叙谦', 1, '1846-05', NULL, NULL, '乡约理事', '宣城敬亭义学馆', '宣城敬亭', 4, NULL, NULL, NULL, '云川沈氏第9代成员，负责族内学务与账册保管。', 0, '1918-10', 5, '2025-05-10 10:00:00', '2026-03-23 10:00:00', 0, NULL, 1, 9, 1, 1, '2026-03-29 10:00:00', '演示数据已审核归档', NULL, NULL, 0),
  (13, '沈叙宁', 1, '1842-06', NULL, NULL, '茶行东主', '徽州歙南义学馆', '徽州歙南', 5, NULL, NULL, NULL, '云川沈氏第9代成员，负责族内学务与账册保管。', 0, '1914-10', 6, '2025-05-09 10:00:00', '2026-03-24 10:00:00', 0, NULL, 1, 9, 1, 1, '2026-03-29 10:00:00', '演示数据已审核归档', NULL, NULL, 0),
  (14, '沈怀衡', 1, '1860-01', NULL, NULL, '义学塾师', '徽州歙南义学馆', '徽州歙南', 8, NULL, NULL, NULL, '云川沈氏第10代成员，负责族内学务与账册保管。', 0, '1932-10', 1, '2025-05-23 10:00:00', '2026-03-19 10:00:00', 0, NULL, 1, 10, 1, 1, '2026-03-29 10:00:00', '演示数据已审核归档', NULL, NULL, 0),
  (15, '沈怀川', 1, '1861-02', NULL, NULL, '木作匠师', '黟县碧阳义学馆', '黟县碧阳', 9, NULL, NULL, NULL, '云川沈氏第10代成员，负责族内学务与账册保管。', 0, '1933-10', 2, '2025-05-22 10:00:00', '2026-03-20 10:00:00', 0, NULL, 1, 10, 1, 1, '2026-03-29 10:00:00', '演示数据已审核归档', NULL, NULL, 0),
  (16, '沈怀岳', 1, '1862-03', NULL, NULL, '药铺掌柜', '绩溪伏岭义学馆', '绩溪伏岭', 10, NULL, NULL, NULL, '云川沈氏第10代成员，负责族内学务与账册保管。', 0, '1934-10', 3, '2025-05-21 10:00:00', '2026-03-21 10:00:00', 0, NULL, 1, 10, 1, 1, '2026-03-29 10:00:00', '演示数据已审核归档', NULL, NULL, 0),
  (17, '沈怀航', 1, '1863-04', NULL, NULL, '水运账房', '婺源江湾义学馆', '婺源江湾', 11, NULL, NULL, NULL, '云川沈氏第10代成员，负责族内学务与账册保管。', 0, '1935-10', 4, '2025-05-20 10:00:00', '2026-03-22 10:00:00', 0, NULL, 1, 10, 1, 1, '2026-03-29 10:00:00', '演示数据已审核归档', NULL, NULL, 0),
  (18, '沈怀谦', 1, '1864-05', NULL, NULL, '乡约理事', '宣城敬亭义学馆', '宣城敬亭', 12, NULL, NULL, NULL, '云川沈氏第10代成员，负责族内学务与账册保管。', 0, '1936-10', 5, '2025-05-19 10:00:00', '2026-03-23 10:00:00', 0, NULL, 1, 10, 1, 1, '2026-03-29 10:00:00', '演示数据已审核归档', NULL, NULL, 0),
  (19, '沈怀宁', 1, '1860-06', NULL, NULL, '茶行东主', '徽州歙南义学馆', '徽州歙南', 13, NULL, NULL, NULL, '云川沈氏第10代成员，负责族内学务与账册保管。', 0, '1932-10', 6, '2025-05-18 10:00:00', '2026-03-24 10:00:00', 0, NULL, 1, 10, 1, 1, '2026-03-29 10:00:00', '演示数据已审核归档', NULL, NULL, 0),
  (20, '沈怀尧', 1, '1861-07', NULL, NULL, '祠堂司事', '黟县碧阳义学馆', '黟县碧阳', 8, NULL, NULL, NULL, '云川沈氏第10代成员，负责族内学务与账册保管。', 0, '1933-10', 7, '2025-05-17 10:00:00', '2026-03-25 10:00:00', 0, NULL, 1, 10, 1, 1, '2026-03-29 10:00:00', '演示数据已审核归档', NULL, NULL, 0),
  (21, '沈怀岚', 2, '1861-11', NULL, NULL, '家塾助教', '黟县碧阳内坊', '绩溪伏岭', 9, NULL, NULL, NULL, '云川沈氏第10代成员，长期参与家书修订、口述采集与节庆组织。', 0, '1937-08', 8, '2025-06-12 10:00:00', '2026-03-21 10:00:00', 0, NULL, 1, 10, 1, 1, '2026-03-30 10:00:00', '演示数据已审核归档', NULL, NULL, 0),
  (22, '沈栖衡', 1, '1878-01', NULL, NULL, '义学塾师', '徽州歙南义学馆', '徽州歙南', 14, NULL, NULL, NULL, '云川沈氏第11代成员，负责族内学务与账册保管。', 0, '1950-10', 1, '2025-06-01 10:00:00', '2026-03-19 10:00:00', 0, NULL, 1, 11, 1, 1, '2026-03-29 10:00:00', '演示数据已审核归档', NULL, NULL, 0),
  (23, '沈栖川', 1, '1879-02', NULL, NULL, '木作匠师', '黟县碧阳义学馆', '黟县碧阳', 15, NULL, NULL, NULL, '云川沈氏第11代成员，负责族内学务与账册保管。', 0, '1951-10', 2, '2025-05-31 10:00:00', '2026-03-20 10:00:00', 0, NULL, 1, 11, 1, 1, '2026-03-29 10:00:00', '演示数据已审核归档', NULL, NULL, 0),
  (24, '沈栖岳', 1, '1880-03', NULL, NULL, '药铺掌柜', '绩溪伏岭义学馆', '绩溪伏岭', 16, NULL, NULL, NULL, '云川沈氏第11代成员，负责族内学务与账册保管。', 0, '1952-10', 3, '2025-05-30 10:00:00', '2026-03-21 10:00:00', 0, NULL, 1, 11, 1, 1, '2026-03-29 10:00:00', '演示数据已审核归档', NULL, NULL, 0),
  (25, '沈栖航', 1, '1881-04', NULL, NULL, '水运账房', '婺源江湾义学馆', '婺源江湾', 17, NULL, NULL, NULL, '云川沈氏第11代成员，负责族内学务与账册保管。', 0, '1953-10', 4, '2025-05-29 10:00:00', '2026-03-22 10:00:00', 0, NULL, 1, 11, 1, 1, '2026-03-29 10:00:00', '演示数据已审核归档', NULL, NULL, 0),
  (26, '沈栖谦', 1, '1882-05', NULL, NULL, '乡约理事', '宣城敬亭义学馆', '宣城敬亭', 18, NULL, NULL, NULL, '云川沈氏第11代成员，负责族内学务与账册保管。', 0, '1954-10', 5, '2025-05-28 10:00:00', '2026-03-23 10:00:00', 0, NULL, 1, 11, 1, 1, '2026-03-29 10:00:00', '演示数据已审核归档', NULL, NULL, 0),
  (27, '沈栖宁', 1, '1878-06', NULL, NULL, '茶行东主', '徽州歙南义学馆', '徽州歙南', 19, NULL, NULL, NULL, '云川沈氏第11代成员，负责族内学务与账册保管。', 0, '1950-10', 6, '2025-05-27 10:00:00', '2026-03-24 10:00:00', 0, NULL, 1, 11, 1, 1, '2026-03-29 10:00:00', '演示数据已审核归档', NULL, NULL, 0),
  (28, '沈栖尧', 1, '1879-07', NULL, NULL, '祠堂司事', '黟县碧阳义学馆', '黟县碧阳', 20, NULL, NULL, NULL, '云川沈氏第11代成员，负责族内学务与账册保管。', 0, '1951-10', 7, '2025-05-26 10:00:00', '2026-03-25 10:00:00', 0, NULL, 1, 11, 1, 1, '2026-03-29 10:00:00', '演示数据已审核归档', NULL, NULL, 0),
  (29, '沈栖朔', 1, '1880-08', NULL, NULL, '义学塾师', '绩溪伏岭义学馆', '绩溪伏岭', 14, NULL, NULL, NULL, '云川沈氏第11代成员，负责族内学务与账册保管。', 0, '1952-10', 8, '2025-05-25 10:00:00', '2026-03-19 10:00:00', 0, NULL, 1, 11, 1, 1, '2026-03-29 10:00:00', '演示数据已审核归档', NULL, NULL, 0),
  (30, '沈栖谨', 1, '1881-09', NULL, NULL, '木作匠师', '婺源江湾义学馆', '婺源江湾', 15, NULL, NULL, NULL, '云川沈氏第11代成员，负责族内学务与账册保管。', 0, '1953-10', 9, '2025-05-24 10:00:00', '2026-03-20 10:00:00', 0, NULL, 1, 11, 1, 1, '2026-03-29 10:00:00', '演示数据已审核归档', NULL, NULL, 0),
  (31, '沈栖岚', 2, '1879-11', NULL, NULL, '家塾助教', '黟县碧阳内坊', '绩溪伏岭', 16, NULL, NULL, NULL, '云川沈氏第11代成员，长期参与家书修订、口述采集与节庆组织。', 0, '1955-08', 10, '2025-06-20 10:00:00', '2026-03-21 10:00:00', 0, NULL, 1, 11, 1, 1, '2026-03-30 10:00:00', '演示数据已审核归档', NULL, NULL, 0),
  (32, '沈望衡', 1, '1896-01', NULL, NULL, '义学塾师', '徽州歙南义学馆', '徽州歙南', 22, NULL, 133, NULL, '云川沈氏第12代成员，负责族内学务与账册保管。', 0, '1968-10', 1, '2025-06-10 10:00:00', '2026-03-19 10:00:00', 0, NULL, 1, 12, 1, 1, '2026-03-29 10:00:00', '演示数据已审核归档', '顾清', NULL, 0),
  (33, '沈望川', 1, '1897-02', NULL, NULL, '木作匠师', '黟县碧阳义学馆', '黟县碧阳', 23, NULL, 134, NULL, '云川沈氏第12代成员，负责族内学务与账册保管。', 0, '1969-10', 2, '2025-06-09 10:00:00', '2026-03-20 10:00:00', 0, NULL, 1, 12, 1, 1, '2026-03-29 10:00:00', '演示数据已审核归档', '林禾', NULL, 0),
  (34, '沈望岳', 1, '1898-03', NULL, NULL, '药铺掌柜', '绩溪伏岭义学馆', '绩溪伏岭', 24, NULL, 135, NULL, '云川沈氏第12代成员，负责族内学务与账册保管。', 0, '1970-10', 3, '2025-06-08 10:00:00', '2026-03-21 10:00:00', 0, NULL, 1, 12, 1, 1, '2026-03-29 10:00:00', '演示数据已审核归档', '宋知', NULL, 0),
  (35, '沈望航', 1, '1899-04', NULL, NULL, '水运账房', '婺源江湾义学馆', '婺源江湾', 25, NULL, NULL, NULL, '云川沈氏第12代成员，负责族内学务与账册保管。', 0, '1971-10', 4, '2025-06-07 10:00:00', '2026-03-22 10:00:00', 0, NULL, 1, 12, 1, 1, '2026-03-29 10:00:00', '演示数据已审核归档', NULL, NULL, 0),
  (36, '沈望谦', 1, '1900-05', NULL, NULL, '乡约理事', '宣城敬亭义学馆', '宣城敬亭', 26, NULL, NULL, NULL, '云川沈氏第12代成员，负责族内学务与账册保管。', 0, '1972-10', 5, '2025-06-06 10:00:00', '2026-03-23 10:00:00', 0, NULL, 1, 12, 1, 1, '2026-03-29 10:00:00', '演示数据已审核归档', NULL, NULL, 0),
  (37, '沈望宁', 1, '1896-06', NULL, NULL, '茶行东主', '徽州歙南义学馆', '徽州歙南', 27, NULL, NULL, NULL, '云川沈氏第12代成员，负责族内学务与账册保管。', 0, '1968-10', 6, '2025-06-05 10:00:00', '2026-03-24 10:00:00', 0, NULL, 1, 12, 1, 1, '2026-03-29 10:00:00', '演示数据已审核归档', NULL, NULL, 0),
  (38, '沈望尧', 1, '1897-07', NULL, NULL, '祠堂司事', '黟县碧阳义学馆', '黟县碧阳', 28, NULL, NULL, NULL, '云川沈氏第12代成员，负责族内学务与账册保管。', 0, '1969-10', 7, '2025-06-04 10:00:00', '2026-03-25 10:00:00', 0, NULL, 1, 12, 1, 1, '2026-03-29 10:00:00', '演示数据已审核归档', NULL, NULL, 0),
  (39, '沈望朔', 1, '1898-08', NULL, NULL, '义学塾师', '绩溪伏岭义学馆', '绩溪伏岭', 29, NULL, NULL, NULL, '云川沈氏第12代成员，负责族内学务与账册保管。', 0, '1970-10', 8, '2025-06-03 10:00:00', '2026-03-19 10:00:00', 0, NULL, 1, 12, 1, 1, '2026-03-29 10:00:00', '演示数据已审核归档', NULL, NULL, 0),
  (40, '沈望岚', 2, '1897-11', NULL, NULL, '家塾助教', '黟县碧阳内坊', '绩溪伏岭', 30, NULL, NULL, NULL, '云川沈氏第12代成员，长期参与家书修订、口述采集与节庆组织。', 0, '1973-08', 9, '2025-06-28 10:00:00', '2026-03-21 10:00:00', 0, NULL, 1, 12, 1, 1, '2026-03-30 10:00:00', '演示数据已审核归档', NULL, NULL, 0),
  (41, '沈启衡', 1, '1914-01', NULL, NULL, '义学塾师', '徽州歙南义学馆', '徽州歙南', 32, 133, 136, NULL, '云川沈氏第13代成员，负责族内学务与账册保管。', 0, '1986-10', 1, '2025-06-19 10:00:00', '2026-03-19 10:00:00', 0, NULL, 1, 13, 1, 1, '2026-03-29 10:00:00', '演示数据已审核归档', '乔夏', '顾清', 0),
  (42, '沈启川', 1, '1915-02', NULL, NULL, '木作匠师', '黟县碧阳义学馆', '黟县碧阳', 33, 134, 137, NULL, '云川沈氏第13代成员，负责族内学务与账册保管。', 0, '1987-10', 2, '2025-06-18 10:00:00', '2026-03-20 10:00:00', 0, NULL, 1, 13, 1, 1, '2026-03-29 10:00:00', '演示数据已审核归档', '苏安', '林禾', 0),
  (43, '沈启岳', 1, '1916-03', NULL, NULL, '药铺掌柜', '绩溪伏岭义学馆', '绩溪伏岭', 34, 135, 138, NULL, '云川沈氏第13代成员，负责族内学务与账册保管。', 0, '1988-10', 3, '2025-06-17 10:00:00', '2026-03-21 10:00:00', 0, NULL, 1, 13, 1, 1, '2026-03-29 10:00:00', '演示数据已审核归档', '温澜', '宋知', 0),
  (44, '沈启航', 1, '1917-04', NULL, NULL, '水运账房', '婺源江湾义学馆', '婺源江湾', 35, NULL, NULL, NULL, '云川沈氏第13代成员，负责族内学务与账册保管。', 0, '1989-10', 4, '2025-06-16 10:00:00', '2026-03-22 10:00:00', 0, NULL, 1, 13, 1, 1, '2026-03-29 10:00:00', '演示数据已审核归档', NULL, NULL, 0),
  (45, '沈启谦', 1, '1918-05', NULL, NULL, '乡约理事', '宣城敬亭义学馆', '宣城敬亭', 36, NULL, NULL, NULL, '云川沈氏第13代成员，负责族内学务与账册保管。', 0, '1990-10', 5, '2025-06-15 10:00:00', '2026-03-23 10:00:00', 0, NULL, 1, 13, 1, 1, '2026-03-29 10:00:00', '演示数据已审核归档', NULL, NULL, 0),
  (46, '沈启宁', 1, '1914-06', NULL, NULL, '茶行东主', '徽州歙南义学馆', '徽州歙南', 37, NULL, NULL, NULL, '云川沈氏第13代成员，负责族内学务与账册保管。', 0, '1986-10', 6, '2025-06-14 10:00:00', '2026-03-24 10:00:00', 0, NULL, 1, 13, 1, 1, '2026-03-29 10:00:00', '演示数据已审核归档', NULL, NULL, 0),
  (47, '沈启尧', 1, '1915-07', NULL, NULL, '祠堂司事', '黟县碧阳义学馆', '黟县碧阳', 38, NULL, NULL, NULL, '云川沈氏第13代成员，负责族内学务与账册保管。', 0, '1987-10', 7, '2025-06-13 10:00:00', '2026-03-25 10:00:00', 0, NULL, 1, 13, 1, 1, '2026-03-29 10:00:00', '演示数据已审核归档', NULL, NULL, 0),
  (48, '沈启朔', 1, '1916-08', NULL, NULL, '义学塾师', '绩溪伏岭义学馆', '绩溪伏岭', 39, NULL, NULL, NULL, '云川沈氏第13代成员，负责族内学务与账册保管。', 0, '1988-10', 8, '2025-06-12 10:00:00', '2026-03-19 10:00:00', 0, NULL, 1, 13, 1, 1, '2026-03-29 10:00:00', '演示数据已审核归档', NULL, NULL, 0),
  (49, '沈启谨', 1, '1917-09', NULL, NULL, '木作匠师', '婺源江湾义学馆', '婺源江湾', 32, 133, NULL, NULL, '云川沈氏第13代成员，负责族内学务与账册保管。', 0, '1989-10', 9, '2025-06-11 10:00:00', '2026-03-20 10:00:00', 0, NULL, 1, 13, 1, 1, '2026-03-29 10:00:00', '演示数据已审核归档', NULL, '顾清', 0),
  (50, '沈启岚', 2, '1915-11', NULL, NULL, '家塾助教', '黟县碧阳内坊', '绩溪伏岭', 33, 134, NULL, NULL, '云川沈氏第13代成员，长期参与家书修订、口述采集与节庆组织。', 0, '1991-08', 10, '2025-07-06 10:00:00', '2026-03-21 10:00:00', 0, NULL, 1, 13, 1, 1, '2026-03-30 10:00:00', '演示数据已审核归档', NULL, '林禾', 0),
  (51, '沈启芷', 2, '1916-12', NULL, NULL, '绣坊掌理', '绩溪伏岭内坊', '婺源江湾', 34, 135, NULL, NULL, '云川沈氏第13代成员，长期参与家书修订、口述采集与节庆组织。', 0, '1992-08', 11, '2025-07-05 10:00:00', '2026-03-22 10:00:00', 0, NULL, 1, 13, 1, 1, '2026-03-30 10:00:00', '演示数据已审核归档', NULL, '宋知', 0),
  (52, '沈从衡', 1, '1932-01', NULL, NULL, '建筑师', '上海徐汇家族共创工坊', '上海徐汇', 41, 136, 139, NULL, '云川沈氏第14代成员，负责族内学务与账册保管。', 1, NULL, 1, '2025-06-28 10:00:00', '2026-03-19 10:00:00', 0, NULL, 1, 14, 1, 1, '2026-03-29 10:00:00', '演示数据已审核归档', '俞书', '乔夏', 0),
  (53, '沈从川', 1, '1933-02', NULL, NULL, '产品经理', '杭州滨江家族共创工坊', '杭州滨江', 42, 137, 140, NULL, '云川沈氏第14代成员，负责族内学务与账册保管。', 1, NULL, 2, '2025-06-27 10:00:00', '2026-03-20 10:00:00', 0, NULL, 1, 14, 1, 1, '2026-03-29 10:00:00', '演示数据已审核归档', '叶宁', '苏安', 0),
  (54, '沈从岳', 1, '1934-03', NULL, NULL, '中学教师', '苏州工业园家族共创工坊', '苏州工业园', 43, 138, 141, NULL, '云川沈氏第14代成员，负责族内学务与账册保管。', 1, NULL, 3, '2025-06-26 10:00:00', '2026-03-21 10:00:00', 0, NULL, 1, 14, 1, 1, '2026-03-29 10:00:00', '演示数据已审核归档', '谢若', '温澜', 0),
  (55, '沈从航', 1, '1935-04', NULL, NULL, '文博策展人', '南京鼓楼家族共创工坊', '南京鼓楼', 44, NULL, NULL, NULL, '云川沈氏第14代成员，负责族内学务与账册保管。', 1, NULL, 4, '2025-06-25 10:00:00', '2026-03-22 10:00:00', 0, NULL, 1, 14, 1, 1, '2026-03-29 10:00:00', '演示数据已审核归档', NULL, NULL, 0),
  (56, '沈从谦', 1, '1936-05', NULL, NULL, '乡建顾问', '合肥政务区家族共创工坊', '合肥政务区', 45, NULL, NULL, NULL, '云川沈氏第14代成员，负责族内学务与账册保管。', 1, NULL, 5, '2025-06-24 10:00:00', '2026-03-23 10:00:00', 0, NULL, 1, 14, 1, 1, '2026-03-29 10:00:00', '演示数据已审核归档', NULL, NULL, 0),
  (57, '沈从宁', 1, '1932-06', NULL, NULL, '软件工程师', '宁波东部新城家族共创工坊', '宁波东部新城', 46, NULL, NULL, NULL, '云川沈氏第14代成员，负责族内学务与账册保管。', 1, NULL, 6, '2025-06-23 10:00:00', '2026-03-24 10:00:00', 0, NULL, 1, 14, 1, 1, '2026-03-29 10:00:00', '演示数据已审核归档', NULL, NULL, 0),
  (58, '沈从尧', 1, '1933-07', NULL, NULL, '纪录片摄影师', '深圳南山家族共创工坊', '深圳南山', 47, NULL, NULL, NULL, '云川沈氏第14代成员，负责族内学务与账册保管。', 1, NULL, 7, '2025-06-22 10:00:00', '2026-03-25 10:00:00', 0, NULL, 1, 14, 1, 1, '2026-03-29 10:00:00', '演示数据已审核归档', NULL, NULL, 0),
  (59, '沈从朔', 1, '1934-08', NULL, NULL, '社区医生', '厦门思明家族共创工坊', '厦门思明', 48, NULL, NULL, NULL, '云川沈氏第14代成员，负责族内学务与账册保管。', 1, NULL, 8, '2025-06-21 10:00:00', '2026-03-19 10:00:00', 0, NULL, 1, 14, 1, 1, '2026-03-29 10:00:00', '演示数据已审核归档', NULL, NULL, 0),
  (60, '沈从谨', 1, '1935-09', NULL, NULL, '品牌主理人', '上海徐汇家族共创工坊', '上海徐汇', 49, NULL, NULL, NULL, '云川沈氏第14代成员，负责族内学务与账册保管。', 1, NULL, 9, '2025-06-20 10:00:00', '2026-03-20 10:00:00', 0, NULL, 1, 14, 1, 1, '2026-03-29 10:00:00', '演示数据已审核归档', NULL, NULL, 0),
  (61, '沈从岑', 1, '1936-01', NULL, NULL, '档案研究员', '杭州滨江家族共创工坊', '杭州滨江', 41, 136, NULL, NULL, '云川沈氏第14代成员，负责族内学务与账册保管。', 1, NULL, 10, '2025-06-19 10:00:00', '2026-03-21 10:00:00', 0, NULL, 1, 14, 1, 1, '2026-03-29 10:00:00', '演示数据已审核归档', NULL, '乔夏', 0),
  (62, '沈从岚', 2, '1933-11', NULL, NULL, '插画师', '苏州工业园家书工坊', '杭州滨江', 42, 137, NULL, NULL, '云川沈氏第14代成员，长期参与家书修订、口述采集与节庆组织。', 1, NULL, 11, '2025-07-14 10:00:00', '2026-03-21 10:00:00', 0, NULL, 1, 14, 1, 1, '2026-03-30 10:00:00', '演示数据已审核归档', NULL, '苏安', 0),
  (63, '沈从芷', 2, '1934-12', NULL, NULL, '小学教师', '南京鼓楼家书工坊', '苏州工业园', 43, 138, NULL, NULL, '云川沈氏第14代成员，长期参与家书修订、口述采集与节庆组织。', 1, NULL, 12, '2025-07-13 10:00:00', '2026-03-22 10:00:00', 0, NULL, 1, 14, 1, 1, '2026-03-30 10:00:00', '演示数据已审核归档', NULL, '温澜', 0),
  (64, '沈从宁', 2, '1935-11', NULL, NULL, '纪录片剪辑', '合肥政务区家书工坊', '南京鼓楼', 44, NULL, NULL, NULL, '云川沈氏第14代成员，长期参与家书修订、口述采集与节庆组织。', 1, NULL, 13, '2025-07-12 10:00:00', '2026-03-23 10:00:00', 0, NULL, 1, 14, 1, 1, '2026-03-30 10:00:00', '演示数据已审核归档', NULL, NULL, 0),
  (65, '沈允衡', 1, '1950-01', NULL, NULL, '建筑师', '上海徐汇家族共创工坊', '上海徐汇', 52, 139, 142, 'https://picsum.photos/seed/member-65/480/480', '云川沈氏第15代成员，负责影像整理与口述采集。', 1, NULL, 1, '2025-07-07 10:00:00', '2026-03-19 10:00:00', 0, 2, 1, 15, 1, 1, '2026-03-29 10:00:00', '演示数据已审核归档', '唐祺', '俞书', 0),
  (66, '沈允川', 1, '1951-02', NULL, NULL, '产品经理', '杭州滨江家族共创工坊', '杭州滨江', 53, 140, 143, 'https://picsum.photos/seed/member-66/480/480', '云川沈氏第15代成员，负责影像整理与口述采集。', 1, NULL, 2, '2025-07-06 10:00:00', '2026-03-20 10:00:00', 0, 3, 1, 15, 1, 1, '2026-03-29 10:00:00', '演示数据已审核归档', '穆映', '叶宁', 0),
  (67, '沈允岳', 1, '1952-03', NULL, NULL, '中学教师', '苏州工业园家族共创工坊', '苏州工业园', 54, 141, 144, 'https://picsum.photos/seed/member-67/480/480', '云川沈氏第15代成员，负责影像整理与口述采集。', 1, NULL, 3, '2025-07-05 10:00:00', '2026-03-21 10:00:00', 0, 4, 1, 15, 1, 1, '2026-03-29 10:00:00', '演示数据已审核归档', '陆雪', '谢若', 0),
  (68, '沈允航', 1, '1953-04', NULL, NULL, '文博策展人', '南京鼓楼家族共创工坊', '南京鼓楼', 55, NULL, NULL, 'https://picsum.photos/seed/member-68/480/480', '云川沈氏第15代成员，负责影像整理与口述采集。', 1, NULL, 4, '2025-07-04 10:00:00', '2026-03-22 10:00:00', 0, 5, 1, 15, 1, 1, '2026-03-29 10:00:00', '演示数据已审核归档', NULL, NULL, 0),
  (69, '沈允谦', 1, '1954-05', NULL, NULL, '乡建顾问', '合肥政务区家族共创工坊', '合肥政务区', 56, NULL, NULL, 'https://picsum.photos/seed/member-69/480/480', '云川沈氏第15代成员，负责影像整理与口述采集。', 1, NULL, 5, '2025-07-03 10:00:00', '2026-03-23 10:00:00', 0, 6, 1, 15, 1, 1, '2026-03-29 10:00:00', '演示数据已审核归档', NULL, NULL, 0),
  (70, '沈允宁', 1, '1950-06', NULL, NULL, '软件工程师', '宁波东部新城家族共创工坊', '宁波东部新城', 57, NULL, NULL, 'https://picsum.photos/seed/member-70/480/480', '云川沈氏第15代成员，负责影像整理与口述采集。', 1, NULL, 6, '2025-07-02 10:00:00', '2026-03-24 10:00:00', 0, 7, 1, 15, 1, 1, '2026-03-29 10:00:00', '演示数据已审核归档', NULL, NULL, 0),
  (71, '沈允尧', 1, '1951-07', NULL, NULL, '纪录片摄影师', '深圳南山家族共创工坊', '深圳南山', 58, NULL, NULL, 'https://picsum.photos/seed/member-71/480/480', '云川沈氏第15代成员，负责影像整理与口述采集。', 1, NULL, 7, '2025-07-01 10:00:00', '2026-03-25 10:00:00', 0, 8, 1, 15, 1, 1, '2026-03-29 10:00:00', '演示数据已审核归档', NULL, NULL, 0),
  (72, '沈允朔', 1, '1952-08', NULL, NULL, '社区医生', '厦门思明家族共创工坊', '厦门思明', 59, NULL, NULL, 'https://picsum.photos/seed/member-72/480/480', '云川沈氏第15代成员，负责影像整理与口述采集。', 1, NULL, 8, '2025-06-30 10:00:00', '2026-03-19 10:00:00', 0, 9, 1, 15, 1, 1, '2026-03-29 10:00:00', '演示数据已审核归档', NULL, NULL, 0),
  (73, '沈允谨', 1, '1953-09', NULL, NULL, '品牌主理人', '上海徐汇家族共创工坊', '上海徐汇', 60, NULL, NULL, 'https://picsum.photos/seed/member-73/480/480', '云川沈氏第15代成员，负责影像整理与口述采集。', 1, NULL, 9, '2025-06-29 10:00:00', '2026-03-20 10:00:00', 0, 10, 1, 15, 1, 1, '2026-03-29 10:00:00', '演示数据已审核归档', NULL, NULL, 0),
  (74, '沈允岑', 1, '1954-01', NULL, NULL, '档案研究员', '杭州滨江家族共创工坊', '杭州滨江', 61, NULL, NULL, 'https://picsum.photos/seed/member-74/480/480', '云川沈氏第15代成员，负责影像整理与口述采集。', 1, NULL, 10, '2025-06-28 10:00:00', '2026-03-21 10:00:00', 0, 11, 1, 15, 1, 1, '2026-03-29 10:00:00', '演示数据已审核归档', NULL, NULL, 0),
  (75, '沈允鸿', 1, '1950-02', NULL, NULL, '建筑师', '苏州工业园家族共创工坊', '苏州工业园', 52, 139, NULL, 'https://picsum.photos/seed/member-75/480/480', '云川沈氏第15代成员，负责影像整理与口述采集。', 1, NULL, 11, '2025-06-27 10:00:00', '2026-03-22 10:00:00', 0, 12, 1, 15, 1, 1, '2026-03-29 10:00:00', '演示数据已审核归档', NULL, '俞书', 0),
  (76, '沈允湛', 1, '1951-03', NULL, NULL, '产品经理', '南京鼓楼家族共创工坊', '南京鼓楼', 53, 140, NULL, 'https://picsum.photos/seed/member-76/480/480', '云川沈氏第15代成员，负责影像整理与口述采集。', 1, NULL, 12, '2025-06-26 10:00:00', '2026-03-23 10:00:00', 0, 13, 1, 15, 1, 1, '2026-03-29 10:00:00', '演示数据已审核归档', NULL, '叶宁', 0),
  (77, '沈允言', 1, '1952-04', NULL, NULL, '中学教师', '合肥政务区家族共创工坊', '合肥政务区', 54, 141, NULL, 'https://picsum.photos/seed/member-77/480/480', '云川沈氏第15代成员，负责影像整理与口述采集。', 1, NULL, 13, '2025-06-25 10:00:00', '2026-03-24 10:00:00', 0, 14, 1, 15, 1, 1, '2026-03-29 10:00:00', '演示数据已审核归档', NULL, '谢若', 0),
  (78, '沈允岚', 2, '1951-11', NULL, NULL, '插画师', '苏州工业园家书工坊', '杭州滨江', 55, NULL, NULL, 'https://picsum.photos/seed/member-78/480/480', '云川沈氏第15代成员，长期参与家书修订、口述采集与节庆组织。', 1, NULL, 14, '2025-07-22 10:00:00', '2026-03-21 10:00:00', 0, NULL, 1, 15, 1, 1, '2026-03-30 10:00:00', '演示数据已审核归档', NULL, NULL, 0),
  (79, '沈允芷', 2, '1952-12', NULL, NULL, '小学教师', '南京鼓楼家书工坊', '苏州工业园', 56, NULL, NULL, 'https://picsum.photos/seed/member-79/480/480', '云川沈氏第15代成员，长期参与家书修订、口述采集与节庆组织。', 1, NULL, 15, '2025-07-21 10:00:00', '2026-03-22 10:00:00', 0, NULL, 1, 15, 1, 1, '2026-03-30 10:00:00', '演示数据已审核归档', NULL, NULL, 0),
  (80, '沈允宁', 2, '1953-11', NULL, NULL, '纪录片剪辑', '合肥政务区家书工坊', '南京鼓楼', 57, NULL, NULL, 'https://picsum.photos/seed/member-80/480/480', '云川沈氏第15代成员，长期参与家书修订、口述采集与节庆组织。', 1, NULL, 16, '2025-07-20 10:00:00', '2026-03-23 10:00:00', 0, NULL, 1, 15, 1, 1, '2026-03-30 10:00:00', '演示数据已审核归档', NULL, NULL, 0),
  (81, '沈允溪', 2, '1954-12', NULL, NULL, '茶事主持', '宁波东部新城家书工坊', '合肥政务区', 58, NULL, NULL, 'https://picsum.photos/seed/member-81/480/480', '云川沈氏第15代成员，长期参与家书修订、口述采集与节庆组织。', 1, NULL, 17, '2025-07-19 10:00:00', '2026-03-24 10:00:00', 0, NULL, 1, 15, 1, 1, '2026-03-30 10:00:00', '演示数据已审核归档', NULL, NULL, 0),
  (82, '沈知衡', 1, '1968-01', NULL, NULL, '建筑师', '上海徐汇家族共创工坊', '上海徐汇', 65, 142, 145, 'https://picsum.photos/seed/member-82/480/480', '云川沈氏第16代成员，负责影像整理与口述采集。', 1, NULL, 1, '2025-07-16 10:00:00', '2026-03-19 10:00:00', 0, NULL, 1, 16, 1, 1, '2026-03-29 10:00:00', '演示数据已审核归档', '韩言', '唐祺', 0),
  (83, '沈知川', 1, '1969-02', NULL, NULL, '产品经理', '杭州滨江家族共创工坊', '杭州滨江', 66, 143, 146, 'https://picsum.photos/seed/member-83/480/480', '云川沈氏第16代成员，负责影像整理与口述采集。', 1, NULL, 2, '2025-07-15 10:00:00', '2026-03-20 10:00:00', 0, NULL, 1, 16, 1, 1, '2026-03-29 10:00:00', '演示数据已审核归档', '钟秋', '穆映', 0),
  (84, '沈知岳', 1, '1970-03', NULL, NULL, '中学教师', '苏州工业园家族共创工坊', '苏州工业园', 67, 144, 147, 'https://picsum.photos/seed/member-84/480/480', '云川沈氏第16代成员，负责影像整理与口述采集。', 1, NULL, 3, '2025-07-14 10:00:00', '2026-03-21 10:00:00', 0, NULL, 1, 16, 1, 1, '2026-03-29 10:00:00', '演示数据已审核归档', '梁星', '陆雪', 0),
  (85, '沈知航', 1, '1971-04', NULL, NULL, '文博策展人', '南京鼓楼家族共创工坊', '南京鼓楼', 68, NULL, NULL, 'https://picsum.photos/seed/member-85/480/480', '云川沈氏第16代成员，负责影像整理与口述采集。', 1, NULL, 4, '2025-07-13 10:00:00', '2026-03-22 10:00:00', 0, NULL, 1, 16, 1, 1, '2026-03-29 10:00:00', '演示数据已审核归档', NULL, NULL, 0),
  (86, '沈知谦', 1, '1972-05', NULL, NULL, '乡建顾问', '合肥政务区家族共创工坊', '合肥政务区', 69, NULL, NULL, 'https://picsum.photos/seed/member-86/480/480', '云川沈氏第16代成员，负责影像整理与口述采集。', 1, NULL, 5, '2025-07-12 10:00:00', '2026-03-23 10:00:00', 0, NULL, 1, 16, 1, 1, '2026-03-29 10:00:00', '演示数据已审核归档', NULL, NULL, 0),
  (87, '沈知宁', 1, '1968-06', NULL, NULL, '软件工程师', '宁波东部新城家族共创工坊', '宁波东部新城', 70, NULL, NULL, 'https://picsum.photos/seed/member-87/480/480', '云川沈氏第16代成员，负责影像整理与口述采集。', 1, NULL, 6, '2025-07-11 10:00:00', '2026-03-24 10:00:00', 0, NULL, 1, 16, 1, 1, '2026-03-29 10:00:00', '演示数据已审核归档', NULL, NULL, 0),
  (88, '沈知尧', 1, '1969-07', NULL, NULL, '纪录片摄影师', '深圳南山家族共创工坊', '深圳南山', 71, NULL, NULL, 'https://picsum.photos/seed/member-88/480/480', '云川沈氏第16代成员，负责影像整理与口述采集。', 1, NULL, 7, '2025-07-10 10:00:00', '2026-03-25 10:00:00', 0, NULL, 1, 16, 1, 1, '2026-03-29 10:00:00', '演示数据已审核归档', NULL, NULL, 0),
  (89, '沈知朔', 1, '1970-08', NULL, NULL, '社区医生', '厦门思明家族共创工坊', '厦门思明', 72, NULL, NULL, 'https://picsum.photos/seed/member-89/480/480', '云川沈氏第16代成员，负责影像整理与口述采集。', 1, NULL, 8, '2025-07-09 10:00:00', '2026-03-19 10:00:00', 0, NULL, 1, 16, 1, 1, '2026-03-29 10:00:00', '演示数据已审核归档', NULL, NULL, 0),
  (90, '沈知谨', 1, '1971-09', NULL, NULL, '品牌主理人', '上海徐汇家族共创工坊', '上海徐汇', 73, NULL, NULL, 'https://picsum.photos/seed/member-90/480/480', '云川沈氏第16代成员，负责影像整理与口述采集。', 1, NULL, 9, '2025-07-08 10:00:00', '2026-03-20 10:00:00', 0, NULL, 1, 16, 1, 1, '2026-03-29 10:00:00', '演示数据已审核归档', NULL, NULL, 0),
  (91, '沈知岑', 1, '1972-01', NULL, NULL, '档案研究员', '杭州滨江家族共创工坊', '杭州滨江', 74, NULL, NULL, 'https://picsum.photos/seed/member-91/480/480', '云川沈氏第16代成员，负责影像整理与口述采集。', 1, NULL, 10, '2025-07-07 10:00:00', '2026-03-21 10:00:00', 0, NULL, 1, 16, 1, 1, '2026-03-29 10:00:00', '演示数据已审核归档', NULL, NULL, 0),
  (92, '沈知鸿', 1, '1968-02', NULL, NULL, '建筑师', '苏州工业园家族共创工坊', '苏州工业园', 75, NULL, NULL, 'https://picsum.photos/seed/member-92/480/480', '云川沈氏第16代成员，负责影像整理与口述采集。', 1, NULL, 11, '2025-07-06 10:00:00', '2026-03-22 10:00:00', 0, NULL, 1, 16, 1, 1, '2026-03-29 10:00:00', '演示数据已审核归档', NULL, NULL, 0),
  (93, '沈知湛', 1, '1969-03', NULL, NULL, '产品经理', '南京鼓楼家族共创工坊', '南京鼓楼', 76, NULL, NULL, 'https://picsum.photos/seed/member-93/480/480', '云川沈氏第16代成员，负责影像整理与口述采集。', 1, NULL, 12, '2025-07-05 10:00:00', '2026-03-23 10:00:00', 0, NULL, 1, 16, 1, 1, '2026-03-29 10:00:00', '演示数据已审核归档', NULL, NULL, 0),
  (94, '沈知言', 1, '1970-04', NULL, NULL, '中学教师', '合肥政务区家族共创工坊', '合肥政务区', 77, NULL, NULL, 'https://picsum.photos/seed/member-94/480/480', '云川沈氏第16代成员，负责影像整理与口述采集。', 1, NULL, 13, '2025-07-04 10:00:00', '2026-03-24 10:00:00', 0, NULL, 1, 16, 1, 1, '2026-03-29 10:00:00', '演示数据已审核归档', NULL, NULL, 0),
  (95, '沈知修', 1, '1971-05', NULL, NULL, '文博策展人', '宁波东部新城家族共创工坊', '宁波东部新城', 65, 142, NULL, 'https://picsum.photos/seed/member-95/480/480', '云川沈氏第16代成员，负责影像整理与口述采集。', 1, NULL, 14, '2025-07-03 10:00:00', '2026-03-25 10:00:00', 0, NULL, 1, 16, 1, 1, '2026-03-29 10:00:00', '演示数据已审核归档', NULL, '唐祺', 0),
  (96, '沈知朗', 1, '1972-06', NULL, NULL, '乡建顾问', '深圳南山家族共创工坊', '深圳南山', 66, 143, NULL, 'https://picsum.photos/seed/member-96/480/480', '云川沈氏第16代成员，负责影像整理与口述采集。', 1, NULL, 15, '2025-07-02 10:00:00', '2026-03-19 10:00:00', 0, NULL, 1, 16, 1, 1, '2026-03-29 10:00:00', '演示数据已审核归档', NULL, '穆映', 0),
  (97, '沈知庭', 1, '1968-07', NULL, NULL, '软件工程师', '厦门思明家族共创工坊', '厦门思明', 67, 144, NULL, 'https://picsum.photos/seed/member-97/480/480', '云川沈氏第16代成员，负责影像整理与口述采集。', 1, NULL, 16, '2025-07-01 10:00:00', '2026-03-20 10:00:00', 0, NULL, 1, 16, 1, 1, '2026-03-29 10:00:00', '演示数据已审核归档', NULL, '陆雪', 0),
  (98, '沈知昀', 1, '1969-08', NULL, NULL, '纪录片摄影师', '上海徐汇家族共创工坊', '上海徐汇', 68, NULL, NULL, 'https://picsum.photos/seed/member-98/480/480', '云川沈氏第16代成员，负责影像整理与口述采集。', 1, NULL, 17, '2025-06-30 10:00:00', '2026-03-21 10:00:00', 0, NULL, 1, 16, 1, 1, '2026-03-29 10:00:00', '演示数据已审核归档', NULL, NULL, 0),
  (99, '沈知岚', 2, '1969-11', NULL, NULL, '插画师', '苏州工业园家书工坊', '杭州滨江', 69, NULL, NULL, 'https://picsum.photos/seed/member-99/480/480', '云川沈氏第16代成员，长期参与家书修订、口述采集与节庆组织。', 1, NULL, 18, '2025-07-30 10:00:00', '2026-03-21 10:00:00', 0, NULL, 1, 16, 1, 1, '2026-03-30 10:00:00', '演示数据已审核归档', NULL, NULL, 0),
  (100, '沈知芷', 2, '1970-12', NULL, NULL, '小学教师', '南京鼓楼家书工坊', '苏州工业园', 70, NULL, NULL, 'https://picsum.photos/seed/member-100/480/480', '云川沈氏第16代成员，长期参与家书修订、口述采集与节庆组织。', 1, NULL, 19, '2025-07-29 10:00:00', '2026-03-22 10:00:00', 0, NULL, 1, 16, 1, 1, '2026-03-30 10:00:00', '演示数据已审核归档', NULL, NULL, 0),
  (101, '沈知宁', 2, '1971-11', NULL, NULL, '纪录片剪辑', '合肥政务区家书工坊', '南京鼓楼', 71, NULL, NULL, 'https://picsum.photos/seed/member-101/480/480', '云川沈氏第16代成员，长期参与家书修订、口述采集与节庆组织。', 1, NULL, 20, '2025-07-28 10:00:00', '2026-03-23 10:00:00', 0, NULL, 1, 16, 1, 1, '2026-03-30 10:00:00', '演示数据已审核归档', NULL, NULL, 0),
  (102, '沈知溪', 2, '1972-12', NULL, NULL, '茶事主持', '宁波东部新城家书工坊', '合肥政务区', 72, NULL, NULL, 'https://picsum.photos/seed/member-102/480/480', '云川沈氏第16代成员，长期参与家书修订、口述采集与节庆组织。', 1, NULL, 21, '2025-07-27 10:00:00', '2026-03-24 10:00:00', 0, NULL, 1, 16, 1, 1, '2026-03-30 10:00:00', '演示数据已审核归档', NULL, NULL, 0),
  (103, '沈青衡', 1, '1986-01', NULL, NULL, '建筑师', '上海徐汇家族共创工坊', '上海徐汇', 82, 145, 148, 'https://picsum.photos/seed/member-103/480/480', '云川沈氏第17代成员，负责影像整理与口述采集。', 1, NULL, 1, '2025-07-25 10:00:00', '2026-03-19 10:00:00', 0, NULL, 1, 17, 1, 1, '2026-03-29 10:00:00', '演示数据已审核归档', '祁遥', '韩言', 0),
  (104, '沈青川', 1, '1987-02', NULL, NULL, '产品经理', '杭州滨江家族共创工坊', '杭州滨江', 83, 146, 149, 'https://picsum.photos/seed/member-104/480/480', '云川沈氏第17代成员，负责影像整理与口述采集。', 1, NULL, 2, '2025-07-24 10:00:00', '2026-03-20 10:00:00', 0, NULL, 1, 17, 1, 1, '2026-03-29 10:00:00', '演示数据已审核归档', '孟予', '钟秋', 0),
  (105, '沈青岳', 1, '1988-03', NULL, NULL, '中学教师', '苏州工业园家族共创工坊', '苏州工业园', 84, 147, 150, 'https://picsum.photos/seed/member-105/480/480', '云川沈氏第17代成员，负责影像整理与口述采集。', 1, NULL, 3, '2025-07-23 10:00:00', '2026-03-21 10:00:00', 0, NULL, 1, 17, 1, 1, '2026-03-29 10:00:00', '演示数据已审核归档', '岑安', '梁星', 0),
  (106, '沈青航', 1, '1989-04', NULL, NULL, '文博策展人', '南京鼓楼家族共创工坊', '南京鼓楼', 85, NULL, NULL, 'https://picsum.photos/seed/member-106/480/480', '云川沈氏第17代成员，负责影像整理与口述采集。', 1, NULL, 4, '2025-07-22 10:00:00', '2026-03-22 10:00:00', 0, NULL, 1, 17, 1, 1, '2026-03-29 10:00:00', '演示数据已审核归档', NULL, NULL, 0),
  (107, '沈青谦', 1, '1990-05', NULL, NULL, '乡建顾问', '合肥政务区家族共创工坊', '合肥政务区', 86, NULL, NULL, 'https://picsum.photos/seed/member-107/480/480', '云川沈氏第17代成员，负责影像整理与口述采集。', 1, NULL, 5, '2025-07-21 10:00:00', '2026-03-23 10:00:00', 0, NULL, 1, 17, 1, 1, '2026-03-29 10:00:00', '演示数据已审核归档', NULL, NULL, 0),
  (108, '沈青宁', 1, '1986-06', NULL, NULL, '软件工程师', '宁波东部新城家族共创工坊', '宁波东部新城', 87, NULL, NULL, 'https://picsum.photos/seed/member-108/480/480', '云川沈氏第17代成员，负责影像整理与口述采集。', 1, NULL, 6, '2025-07-20 10:00:00', '2026-03-24 10:00:00', 0, NULL, 1, 17, 1, 1, '2026-03-29 10:00:00', '演示数据已审核归档', NULL, NULL, 0),
  (109, '沈青尧', 1, '1987-07', NULL, NULL, '纪录片摄影师', '深圳南山家族共创工坊', '深圳南山', 88, NULL, NULL, 'https://picsum.photos/seed/member-109/480/480', '云川沈氏第17代成员，负责影像整理与口述采集。', 1, NULL, 7, '2025-07-19 10:00:00', '2026-03-25 10:00:00', 0, NULL, 1, 17, 1, 1, '2026-03-29 10:00:00', '演示数据已审核归档', NULL, NULL, 0),
  (110, '沈青朔', 1, '1988-08', NULL, NULL, '社区医生', '厦门思明家族共创工坊', '厦门思明', 89, NULL, NULL, 'https://picsum.photos/seed/member-110/480/480', '云川沈氏第17代成员，负责影像整理与口述采集。', 1, NULL, 8, '2025-07-18 10:00:00', '2026-03-19 10:00:00', 0, NULL, 1, 17, 1, 1, '2026-03-29 10:00:00', '演示数据已审核归档', NULL, NULL, 0),
  (111, '沈青谨', 1, '1989-09', NULL, NULL, '品牌主理人', '上海徐汇家族共创工坊', '上海徐汇', 90, NULL, NULL, 'https://picsum.photos/seed/member-111/480/480', '云川沈氏第17代成员，负责影像整理与口述采集。', 1, NULL, 9, '2025-07-17 10:00:00', '2026-03-20 10:00:00', 0, NULL, 1, 17, 1, 1, '2026-03-29 10:00:00', '演示数据已审核归档', NULL, NULL, 0),
  (112, '沈青岑', 1, '1990-01', NULL, NULL, '档案研究员', '杭州滨江家族共创工坊', '杭州滨江', 91, NULL, NULL, 'https://picsum.photos/seed/member-112/480/480', '云川沈氏第17代成员，负责影像整理与口述采集。', 1, NULL, 10, '2025-07-16 10:00:00', '2026-03-21 10:00:00', 0, NULL, 1, 17, 1, 1, '2026-03-29 10:00:00', '演示数据已审核归档', NULL, NULL, 0),
  (113, '沈青鸿', 1, '1986-02', NULL, NULL, '建筑师', '苏州工业园家族共创工坊', '苏州工业园', 92, NULL, NULL, 'https://picsum.photos/seed/member-113/480/480', '云川沈氏第17代成员，负责影像整理与口述采集。', 1, NULL, 11, '2025-07-15 10:00:00', '2026-03-22 10:00:00', 0, NULL, 1, 17, 1, 1, '2026-03-29 10:00:00', '演示数据已审核归档', NULL, NULL, 0),
  (114, '沈青湛', 1, '1987-03', NULL, NULL, '产品经理', '南京鼓楼家族共创工坊', '南京鼓楼', 93, NULL, NULL, 'https://picsum.photos/seed/member-114/480/480', '云川沈氏第17代成员，负责影像整理与口述采集。', 1, NULL, 12, '2025-07-14 10:00:00', '2026-03-23 10:00:00', 0, NULL, 1, 17, 1, 1, '2026-03-29 10:00:00', '演示数据已审核归档', NULL, NULL, 0),
  (115, '沈青言', 1, '1988-04', NULL, NULL, '中学教师', '合肥政务区家族共创工坊', '合肥政务区', 94, NULL, NULL, 'https://picsum.photos/seed/member-115/480/480', '云川沈氏第17代成员，负责影像整理与口述采集。', 1, NULL, 13, '2025-07-13 10:00:00', '2026-03-24 10:00:00', 0, NULL, 1, 17, 1, 1, '2026-03-29 10:00:00', '演示数据已审核归档', NULL, NULL, 0),
  (116, '沈青修', 1, '1989-05', NULL, NULL, '文博策展人', '宁波东部新城家族共创工坊', '宁波东部新城', 95, NULL, NULL, 'https://picsum.photos/seed/member-116/480/480', '云川沈氏第17代成员，负责影像整理与口述采集。', 1, NULL, 14, '2025-07-12 10:00:00', '2026-03-25 10:00:00', 0, NULL, 1, 17, 1, 1, '2026-03-29 10:00:00', '演示数据已审核归档', NULL, NULL, 0),
  (117, '沈青朗', 1, '1990-06', NULL, NULL, '乡建顾问', '深圳南山家族共创工坊', '深圳南山', 96, NULL, NULL, 'https://picsum.photos/seed/member-117/480/480', '云川沈氏第17代成员，负责影像整理与口述采集。', 1, NULL, 15, '2025-07-11 10:00:00', '2026-03-19 10:00:00', 0, NULL, 1, 17, 1, 1, '2026-03-29 10:00:00', '演示数据已审核归档', NULL, NULL, 0),
  (118, '沈青庭', 1, '1986-07', NULL, NULL, '软件工程师', '厦门思明家族共创工坊', '厦门思明', 97, NULL, NULL, 'https://picsum.photos/seed/member-118/480/480', '云川沈氏第17代成员，负责影像整理与口述采集。', 1, NULL, 16, '2025-07-10 10:00:00', '2026-03-20 10:00:00', 0, NULL, 1, 17, 1, 1, '2026-03-29 10:00:00', '演示数据已审核归档', NULL, NULL, 0),
  (119, '沈青昀', 1, '1987-08', NULL, NULL, '纪录片摄影师', '上海徐汇家族共创工坊', '上海徐汇', 98, NULL, NULL, 'https://picsum.photos/seed/member-119/480/480', '云川沈氏第17代成员，负责影像整理与口述采集。', 1, NULL, 17, '2025-07-09 10:00:00', '2026-03-21 10:00:00', 0, NULL, 1, 17, 1, 1, '2026-03-29 10:00:00', '演示数据已审核归档', NULL, NULL, 0),
  (120, '沈青岚', 2, '1987-11', NULL, NULL, '插画师', '苏州工业园家书工坊', '杭州滨江', 82, 145, NULL, 'https://picsum.photos/seed/member-120/480/480', '云川沈氏第17代成员，长期参与家书修订、口述采集与节庆组织。', 1, NULL, 18, '2025-08-07 10:00:00', '2026-03-21 10:00:00', 0, NULL, 1, 17, 1, 1, '2026-03-30 10:00:00', '演示数据已审核归档', NULL, '韩言', 0),
  (121, '沈青芷', 2, '1988-12', NULL, NULL, '小学教师', '南京鼓楼家书工坊', '苏州工业园', 83, 146, NULL, 'https://picsum.photos/seed/member-121/480/480', '云川沈氏第17代成员，长期参与家书修订、口述采集与节庆组织。', 1, NULL, 19, '2025-08-06 10:00:00', '2026-03-22 10:00:00', 0, NULL, 1, 17, 1, 1, '2026-03-30 10:00:00', '演示数据已审核归档', NULL, '钟秋', 0),
  (122, '沈青宁', 2, '1989-11', NULL, NULL, '纪录片剪辑', '合肥政务区家书工坊', '南京鼓楼', 84, 147, NULL, 'https://picsum.photos/seed/member-122/480/480', '云川沈氏第17代成员，长期参与家书修订、口述采集与节庆组织。', 1, NULL, 20, '2025-08-05 10:00:00', '2026-03-23 10:00:00', 0, NULL, 1, 17, 1, 1, '2026-03-30 10:00:00', '演示数据已审核归档', NULL, '梁星', 0),
  (123, '沈云衡', 1, '2004-01', NULL, NULL, '建筑师', '上海徐汇家族共创工坊', '上海徐汇', 103, 148, NULL, 'https://picsum.photos/seed/member-123/480/480', '云川沈氏第18代成员，负责影像整理与口述采集。', 1, NULL, 1, '2025-08-03 10:00:00', '2026-03-19 10:00:00', 0, NULL, 1, 18, 1, 1, '2026-03-29 10:00:00', '演示数据已审核归档', NULL, '祁遥', 0),
  (124, '沈云川', 1, '2005-02', NULL, NULL, '产品经理', '杭州滨江家族共创工坊', '杭州滨江', 104, 149, NULL, 'https://picsum.photos/seed/member-124/480/480', '云川沈氏第18代成员，负责影像整理与口述采集。', 1, NULL, 2, '2025-08-02 10:00:00', '2026-03-20 10:00:00', 0, NULL, 1, 18, 1, 1, '2026-03-29 10:00:00', '演示数据已审核归档', NULL, '孟予', 0),
  (125, '沈云岳', 1, '2006-03', NULL, NULL, '中学教师', '苏州工业园家族共创工坊', '苏州工业园', 105, 150, NULL, 'https://picsum.photos/seed/member-125/480/480', '云川沈氏第18代成员，负责影像整理与口述采集。', 1, NULL, 3, '2025-08-01 10:00:00', '2026-03-21 10:00:00', 0, NULL, 1, 18, 1, 1, '2026-03-29 10:00:00', '演示数据已审核归档', NULL, '岑安', 0),
  (126, '沈云航', 1, '2007-04', NULL, NULL, '文博策展人', '南京鼓楼家族共创工坊', '南京鼓楼', 106, NULL, NULL, 'https://picsum.photos/seed/member-126/480/480', '云川沈氏第18代成员，负责影像整理与口述采集。', 1, NULL, 4, '2025-07-31 10:00:00', '2026-03-22 10:00:00', 0, NULL, 1, 18, 1, 1, '2026-03-29 10:00:00', '演示数据已审核归档', NULL, NULL, 0),
  (127, '沈云谦', 1, '2008-05', NULL, NULL, '乡建顾问', '合肥政务区家族共创工坊', '合肥政务区', 107, NULL, NULL, 'https://picsum.photos/seed/member-127/480/480', '云川沈氏第18代成员，负责影像整理与口述采集。', 1, NULL, 5, '2025-07-30 10:00:00', '2026-03-23 10:00:00', 0, NULL, 1, 18, 1, 1, '2026-03-29 10:00:00', '演示数据已审核归档', NULL, NULL, 0),
  (128, '沈云宁', 1, '2004-06', NULL, NULL, '软件工程师', '宁波东部新城家族共创工坊', '宁波东部新城', 108, NULL, NULL, 'https://picsum.photos/seed/member-128/480/480', '云川沈氏第18代成员，负责影像整理与口述采集。', 1, NULL, 6, '2025-07-29 10:00:00', '2026-03-24 10:00:00', 0, NULL, 1, 18, 1, 1, '2026-03-29 10:00:00', '演示数据已审核归档', NULL, NULL, 0),
  (129, '沈云尧', 1, '2005-07', NULL, NULL, '纪录片摄影师', '深圳南山家族共创工坊', '深圳南山', 109, NULL, NULL, 'https://picsum.photos/seed/member-129/480/480', '云川沈氏第18代成员，负责影像整理与口述采集。', 1, NULL, 7, '2025-07-28 10:00:00', '2026-03-25 10:00:00', 0, NULL, 1, 18, 1, 1, '2026-03-29 10:00:00', '演示数据已审核归档', NULL, NULL, 0),
  (130, '沈云朔', 1, '2006-08', NULL, NULL, '社区医生', '厦门思明家族共创工坊', '厦门思明', 110, NULL, NULL, 'https://picsum.photos/seed/member-130/480/480', '云川沈氏第18代成员，负责影像整理与口述采集。', 1, NULL, 8, '2025-07-27 10:00:00', '2026-03-19 10:00:00', 0, NULL, 1, 18, 1, 1, '2026-03-29 10:00:00', '演示数据已审核归档', NULL, NULL, 0),
  (131, '沈云谨', 1, '2007-09', NULL, NULL, '品牌主理人', '上海徐汇家族共创工坊', '上海徐汇', 111, NULL, NULL, 'https://picsum.photos/seed/member-131/480/480', '云川沈氏第18代成员，负责影像整理与口述采集。', 1, NULL, 9, '2025-07-26 10:00:00', '2026-03-20 10:00:00', 0, NULL, 1, 18, 1, 1, '2026-03-29 10:00:00', '演示数据已审核归档', NULL, NULL, 0),
  (132, '沈云岚', 2, '2005-11', NULL, NULL, '插画师', '苏州工业园家书工坊', '杭州滨江', 112, NULL, NULL, 'https://picsum.photos/seed/member-132/480/480', '云川沈氏第18代成员，长期参与家书修订、口述采集与节庆组织。', 1, NULL, 10, '2025-08-15 10:00:00', '2026-03-21 10:00:00', 0, NULL, 1, 18, 1, 1, '2026-03-30 10:00:00', '演示数据已审核归档', NULL, NULL, 0),
  (133, '顾清', 2, '1896-01', NULL, NULL, '纪录片撰稿', '徽州歙南在地工作室', '徽州歙南', NULL, NULL, 32, 'https://picsum.photos/seed/member-133/480/480', '以配偶身份加入云川沈氏·澄源堂演示树谱，用于展示挂靠配偶与详情页字段。', 1, NULL, 91, '2026-03-10 10:00:00', '2026-04-12 10:00:00', 0, NULL, 1, 12, 1, 1, '2026-04-13 10:00:00', '演示配偶数据已审核通过', '沈望衡', NULL, 1),
  (134, '林禾', 2, '1897-02', NULL, NULL, '美术教师', '黟县碧阳在地工作室', '黟县碧阳', NULL, NULL, 33, 'https://picsum.photos/seed/member-134/480/480', '以配偶身份加入云川沈氏·澄源堂演示树谱，用于展示挂靠配偶与详情页字段。', 1, NULL, 92, '2026-03-11 10:00:00', '2026-04-12 10:00:00', 0, NULL, 1, 12, 1, 1, '2026-04-13 10:00:00', '演示配偶数据已审核通过', '沈望川', NULL, 1),
  (135, '宋知', 2, '1898-03', NULL, NULL, '茶空间主理', '绩溪伏岭在地工作室', '绩溪伏岭', NULL, NULL, 34, 'https://picsum.photos/seed/member-135/480/480', '以配偶身份加入云川沈氏·澄源堂演示树谱，用于展示挂靠配偶与详情页字段。', 1, NULL, 93, '2026-03-12 10:00:00', '2026-04-12 10:00:00', 0, NULL, 1, 12, 1, 1, '2026-04-13 10:00:00', '演示配偶数据已审核通过', '沈望岳', NULL, 1),
  (136, '乔夏', 2, '1914-01', NULL, NULL, '社区营造师', '徽州歙南在地工作室', '徽州歙南', NULL, NULL, 41, 'https://picsum.photos/seed/member-136/480/480', '以配偶身份加入云川沈氏·澄源堂演示树谱，用于展示挂靠配偶与详情页字段。', 1, NULL, 94, '2026-03-13 10:00:00', '2026-04-12 10:00:00', 0, NULL, 1, 13, 1, 1, '2026-04-13 10:00:00', '演示配偶数据已审核通过', '沈启衡', NULL, 1),
  (137, '苏安', 2, '1915-02', NULL, NULL, '公益策划', '黟县碧阳在地工作室', '黟县碧阳', NULL, NULL, 42, 'https://picsum.photos/seed/member-137/480/480', '以配偶身份加入云川沈氏·澄源堂演示树谱，用于展示挂靠配偶与详情页字段。', 1, NULL, 95, '2026-03-14 10:00:00', '2026-04-12 10:00:00', 0, NULL, 1, 13, 1, 1, '2026-04-13 10:00:00', '演示配偶数据已审核通过', '沈启川', NULL, 1),
  (138, '温澜', 2, '1916-03', NULL, NULL, '纪录片撰稿', '绩溪伏岭在地工作室', '绩溪伏岭', NULL, NULL, 43, 'https://picsum.photos/seed/member-138/480/480', '以配偶身份加入云川沈氏·澄源堂演示树谱，用于展示挂靠配偶与详情页字段。', 1, NULL, 96, '2026-03-15 10:00:00', '2026-04-12 10:00:00', 0, NULL, 1, 13, 1, 1, '2026-04-13 10:00:00', '演示配偶数据已审核通过', '沈启岳', NULL, 1),
  (139, '俞书', 2, '1932-01', NULL, NULL, '美术教师', '上海徐汇在地工作室', '上海徐汇', NULL, NULL, 52, 'https://picsum.photos/seed/member-139/480/480', '以配偶身份加入云川沈氏·澄源堂演示树谱，用于展示挂靠配偶与详情页字段。', 1, NULL, 97, '2026-03-16 10:00:00', '2026-04-12 10:00:00', 0, NULL, 1, 14, 1, 1, '2026-04-13 10:00:00', '演示配偶数据已审核通过', '沈从衡', NULL, 1),
  (140, '叶宁', 2, '1933-02', NULL, NULL, '茶空间主理', '杭州滨江在地工作室', '杭州滨江', NULL, NULL, 53, 'https://picsum.photos/seed/member-140/480/480', '以配偶身份加入云川沈氏·澄源堂演示树谱，用于展示挂靠配偶与详情页字段。', 1, NULL, 98, '2026-03-17 10:00:00', '2026-04-12 10:00:00', 0, NULL, 1, 14, 1, 1, '2026-04-13 10:00:00', '演示配偶数据已审核通过', '沈从川', NULL, 1),
  (141, '谢若', 2, '1934-03', NULL, NULL, '社区营造师', '苏州工业园在地工作室', '苏州工业园', NULL, NULL, 54, 'https://picsum.photos/seed/member-141/480/480', '以配偶身份加入云川沈氏·澄源堂演示树谱，用于展示挂靠配偶与详情页字段。', 1, NULL, 99, '2026-03-18 10:00:00', '2026-04-12 10:00:00', 0, NULL, 1, 14, 1, 1, '2026-04-13 10:00:00', '演示配偶数据已审核通过', '沈从岳', NULL, 1),
  (142, '唐祺', 2, '1950-01', NULL, NULL, '公益策划', '上海徐汇在地工作室', '上海徐汇', NULL, NULL, 65, 'https://picsum.photos/seed/member-142/480/480', '以配偶身份加入云川沈氏·澄源堂演示树谱，用于展示挂靠配偶与详情页字段。', 1, NULL, 100, '2026-03-19 10:00:00', '2026-04-12 10:00:00', 0, NULL, 1, 15, 1, 1, '2026-04-13 10:00:00', '演示配偶数据已审核通过', '沈允衡', NULL, 1),
  (143, '穆映', 2, '1951-02', NULL, NULL, '纪录片撰稿', '杭州滨江在地工作室', '杭州滨江', NULL, NULL, 66, 'https://picsum.photos/seed/member-143/480/480', '以配偶身份加入云川沈氏·澄源堂演示树谱，用于展示挂靠配偶与详情页字段。', 1, NULL, 101, '2026-03-20 10:00:00', '2026-04-12 10:00:00', 0, NULL, 1, 15, 1, 1, '2026-04-13 10:00:00', '演示配偶数据已审核通过', '沈允川', NULL, 1),
  (144, '陆雪', 2, '1952-03', NULL, NULL, '美术教师', '苏州工业园在地工作室', '苏州工业园', NULL, NULL, 67, 'https://picsum.photos/seed/member-144/480/480', '以配偶身份加入云川沈氏·澄源堂演示树谱，用于展示挂靠配偶与详情页字段。', 1, NULL, 102, '2026-03-21 10:00:00', '2026-04-12 10:00:00', 0, NULL, 1, 15, 1, 1, '2026-04-13 10:00:00', '演示配偶数据已审核通过', '沈允岳', NULL, 1),
  (145, '韩言', 2, '1968-01', NULL, NULL, '茶空间主理', '上海徐汇在地工作室', '上海徐汇', NULL, NULL, 82, 'https://picsum.photos/seed/member-145/480/480', '以配偶身份加入云川沈氏·澄源堂演示树谱，用于展示挂靠配偶与详情页字段。', 1, NULL, 103, '2026-03-22 10:00:00', '2026-04-12 10:00:00', 0, NULL, 1, 16, 1, 1, '2026-04-13 10:00:00', '演示配偶数据已审核通过', '沈知衡', NULL, 1),
  (146, '钟秋', 2, '1969-02', NULL, NULL, '社区营造师', '杭州滨江在地工作室', '杭州滨江', NULL, NULL, 83, 'https://picsum.photos/seed/member-146/480/480', '以配偶身份加入云川沈氏·澄源堂演示树谱，用于展示挂靠配偶与详情页字段。', 1, NULL, 104, '2026-03-23 10:00:00', '2026-04-12 10:00:00', 0, NULL, 1, 16, 1, 1, '2026-04-13 10:00:00', '演示配偶数据已审核通过', '沈知川', NULL, 1),
  (147, '梁星', 2, '1970-03', NULL, NULL, '公益策划', '苏州工业园在地工作室', '苏州工业园', NULL, NULL, 84, 'https://picsum.photos/seed/member-147/480/480', '以配偶身份加入云川沈氏·澄源堂演示树谱，用于展示挂靠配偶与详情页字段。', 1, NULL, 105, '2026-03-24 10:00:00', '2026-04-12 10:00:00', 0, NULL, 1, 16, 1, 1, '2026-04-13 10:00:00', '演示配偶数据已审核通过', '沈知岳', NULL, 1),
  (148, '祁遥', 2, '1986-01', NULL, NULL, '纪录片撰稿', '上海徐汇在地工作室', '上海徐汇', NULL, NULL, 103, 'https://picsum.photos/seed/member-148/480/480', '以配偶身份加入云川沈氏·澄源堂演示树谱，用于展示挂靠配偶与详情页字段。', 1, NULL, 106, '2026-03-25 10:00:00', '2026-04-12 10:00:00', 0, NULL, 1, 17, 1, 1, '2026-04-13 10:00:00', '演示配偶数据已审核通过', '沈青衡', NULL, 1),
  (149, '孟予', 2, '1987-02', NULL, NULL, '美术教师', '杭州滨江在地工作室', '杭州滨江', NULL, NULL, 104, 'https://picsum.photos/seed/member-149/480/480', '以配偶身份加入云川沈氏·澄源堂演示树谱，用于展示挂靠配偶与详情页字段。', 1, NULL, 107, '2026-03-26 10:00:00', '2026-04-12 10:00:00', 0, NULL, 1, 17, 1, 1, '2026-04-13 10:00:00', '演示配偶数据已审核通过', '沈青川', NULL, 1),
  (150, '岑安', 2, '1988-03', NULL, NULL, '茶空间主理', '苏州工业园在地工作室', '苏州工业园', NULL, NULL, 105, 'https://picsum.photos/seed/member-150/480/480', '以配偶身份加入云川沈氏·澄源堂演示树谱，用于展示挂靠配偶与详情页字段。', 1, NULL, 108, '2026-03-27 10:00:00', '2026-04-12 10:00:00', 0, NULL, 1, 17, 1, 1, '2026-04-13 10:00:00', '演示配偶数据已审核通过', '沈青岳', NULL, 1);

INSERT INTO `family_user_relation` (`id`, `family_id`, `user_id`, `member_id`, `role`, `join_time`, `status`, `created_at`) VALUES
  (1, 1, 1, NULL, 2, '2026-02-16 10:00:00', 1, '2026-02-16 10:00:00'),
  (2, 1, 2, 65, 1, '2026-02-15 10:00:00', 1, '2026-02-15 10:00:00'),
  (3, 1, 3, 66, 0, '2026-02-14 10:00:00', 1, '2026-02-14 10:00:00'),
  (4, 1, 4, 67, 0, '2026-02-13 10:00:00', 1, '2026-02-13 10:00:00'),
  (5, 1, 5, 68, 0, '2026-02-12 10:00:00', 1, '2026-02-12 10:00:00'),
  (6, 1, 6, 69, 0, '2026-02-11 10:00:00', 1, '2026-02-11 10:00:00'),
  (7, 1, 7, 70, 0, '2026-02-10 10:00:00', 1, '2026-02-10 10:00:00'),
  (8, 1, 8, 71, 0, '2026-02-09 10:00:00', 1, '2026-02-09 10:00:00'),
  (9, 1, 9, 72, 0, '2026-02-08 10:00:00', 1, '2026-02-08 10:00:00'),
  (10, 1, 10, 73, 0, '2026-02-07 10:00:00', 1, '2026-02-07 10:00:00'),
  (11, 1, 11, 74, 0, '2026-02-06 10:00:00', 1, '2026-02-06 10:00:00'),
  (12, 1, 12, 75, 0, '2026-02-05 10:00:00', 1, '2026-02-05 10:00:00'),
  (13, 1, 13, 76, 0, '2026-02-04 10:00:00', 1, '2026-02-04 10:00:00'),
  (14, 1, 14, 77, 0, '2026-02-03 10:00:00', 1, '2026-02-03 10:00:00');

INSERT INTO `audit_records` (`id`, `family_id`, `user_id`, `type`, `target_id`, `content`, `status`, `auditor_id`, `audit_time`, `audit_remark`, `created_at`, `audit_type`, `target_type`, `old_content`, `submitter_id`, `audit_status`, `submitted_at`, `audited_at`, `audit_result`, `updated_at`, `deleted`) VALUES
  (1, 1, 3, 2, 65, '为成员 #65 提交演示资料修订申请。', 0, NULL, NULL, NULL, '2026-04-01 10:00:00', 2, 'family_member', '旧资料快照 #65', 3, 0, '2026-04-01 10:00:00', NULL, NULL, '2026-04-15 10:00:00', 0),
  (2, 1, 4, 3, 66, '为成员 #66 提交演示身份认领申请。', 0, NULL, NULL, NULL, '2026-04-02 10:00:00', 3, 'family_member', '旧资料快照 #66', 4, 0, '2026-04-02 10:00:00', NULL, NULL, '2026-04-15 10:00:00', 0),
  (3, 1, 5, 1, 67, '为成员 #67 提交演示新增成员申请。', 0, NULL, NULL, NULL, '2026-04-03 10:00:00', 1, 'family_member', '旧资料快照 #67', 5, 0, '2026-04-03 10:00:00', NULL, NULL, '2026-04-15 10:00:00', 0),
  (4, 1, 6, 2, 68, '为成员 #68 提交演示资料修订申请。', 0, NULL, NULL, NULL, '2026-04-04 10:00:00', 2, 'family_member', '旧资料快照 #68', 6, 0, '2026-04-04 10:00:00', NULL, NULL, '2026-04-15 10:00:00', 0),
  (5, 1, 7, 3, 69, '为成员 #69 提交演示身份认领申请。', 0, NULL, NULL, NULL, '2026-04-05 10:00:00', 3, 'family_member', '旧资料快照 #69', 7, 0, '2026-04-05 10:00:00', NULL, NULL, '2026-04-15 10:00:00', 0),
  (6, 1, 8, 1, 70, '为成员 #70 提交演示新增成员申请。', 0, NULL, NULL, NULL, '2026-04-06 10:00:00', 1, 'family_member', '旧资料快照 #70', 8, 0, '2026-04-06 10:00:00', NULL, NULL, '2026-04-15 10:00:00', 0),
  (7, 1, 9, 2, 71, '为成员 #71 提交演示资料修订申请。', 0, NULL, NULL, NULL, '2026-04-07 10:00:00', 2, 'family_member', '旧资料快照 #71', 9, 0, '2026-04-07 10:00:00', NULL, NULL, '2026-04-15 10:00:00', 0),
  (8, 1, 10, 3, 72, '为成员 #72 提交演示身份认领申请。', 0, NULL, NULL, NULL, '2026-04-08 10:00:00', 3, 'family_member', '旧资料快照 #72', 10, 0, '2026-04-08 10:00:00', NULL, NULL, '2026-04-15 10:00:00', 0),
  (9, 1, 11, 1, 73, '为成员 #73 提交演示新增成员申请。', 1, 1, '2026-04-07 10:00:00', '演示审核已通过', '2026-04-09 10:00:00', 1, 'family_member', '旧资料快照 #73', 11, 1, '2026-04-09 10:00:00', '2026-04-07 10:00:00', '演示申请已通过', '2026-04-15 10:00:00', 0),
  (10, 1, 12, 2, 74, '为成员 #74 提交演示资料修订申请。', 1, 1, '2026-04-08 10:00:00', '演示审核已通过', '2026-04-10 10:00:00', 2, 'family_member', '旧资料快照 #74', 12, 1, '2026-04-10 10:00:00', '2026-04-08 10:00:00', '演示申请已通过', '2026-04-15 10:00:00', 0),
  (11, 1, 13, 3, 75, '为成员 #75 提交演示身份认领申请。', 1, 1, '2026-04-09 10:00:00', '演示审核已通过', '2026-04-11 10:00:00', 3, 'family_member', '旧资料快照 #75', 13, 1, '2026-04-11 10:00:00', '2026-04-09 10:00:00', '演示申请已通过', '2026-04-15 10:00:00', 0),
  (12, 1, 14, 1, 76, '为成员 #76 提交演示新增成员申请。', 1, 1, '2026-04-06 10:00:00', '演示审核已通过', '2026-04-12 10:00:00', 1, 'family_member', '旧资料快照 #76', 14, 1, '2026-04-12 10:00:00', '2026-04-06 10:00:00', '演示申请已通过', '2026-04-15 10:00:00', 0),
  (13, 1, 2, 2, 77, '为成员 #77 提交演示资料修订申请。', 1, 1, '2026-04-07 10:00:00', '演示审核已通过', '2026-04-13 10:00:00', 2, 'family_member', '旧资料快照 #77', 2, 1, '2026-04-13 10:00:00', '2026-04-07 10:00:00', '演示申请已通过', '2026-04-15 10:00:00', 0),
  (14, 1, 3, 3, 78, '为成员 #78 提交演示身份认领申请。', 1, 1, '2026-04-08 10:00:00', '演示审核已通过', '2026-04-14 10:00:00', 3, 'family_member', '旧资料快照 #78', 3, 1, '2026-04-14 10:00:00', '2026-04-08 10:00:00', '演示申请已通过', '2026-04-15 10:00:00', 0),
  (15, 1, 4, 1, 79, '为成员 #79 提交演示新增成员申请。', 1, 1, '2026-04-09 10:00:00', '演示审核已通过', '2026-04-15 10:00:00', 1, 'family_member', '旧资料快照 #79', 4, 1, '2026-04-15 10:00:00', '2026-04-09 10:00:00', '演示申请已通过', '2026-04-15 10:00:00', 0),
  (16, 1, 5, 2, 80, '为成员 #80 提交演示资料修订申请。', 1, 1, '2026-04-06 10:00:00', '演示审核已通过', '2026-04-16 10:00:00', 2, 'family_member', '旧资料快照 #80', 5, 1, '2026-04-16 10:00:00', '2026-04-06 10:00:00', '演示申请已通过', '2026-04-15 10:00:00', 0),
  (17, 1, 6, 3, 81, '为成员 #81 提交演示身份认领申请。', 1, 1, '2026-04-07 10:00:00', '演示审核已通过', '2026-04-17 10:00:00', 3, 'family_member', '旧资料快照 #81', 6, 1, '2026-04-17 10:00:00', '2026-04-07 10:00:00', '演示申请已通过', '2026-04-15 10:00:00', 0),
  (18, 1, 7, 1, 82, '为成员 #82 提交演示新增成员申请。', 1, 1, '2026-04-08 10:00:00', '演示审核已通过', '2026-04-18 10:00:00', 1, 'family_member', '旧资料快照 #82', 7, 1, '2026-04-18 10:00:00', '2026-04-08 10:00:00', '演示申请已通过', '2026-04-15 10:00:00', 0),
  (19, 1, 8, 2, 83, '为成员 #83 提交演示资料修订申请。', 1, 1, '2026-04-09 10:00:00', '演示审核已通过', '2026-04-19 10:00:00', 2, 'family_member', '旧资料快照 #83', 8, 1, '2026-04-19 10:00:00', '2026-04-09 10:00:00', '演示申请已通过', '2026-04-15 10:00:00', 0),
  (20, 1, 9, 3, 84, '为成员 #84 提交演示身份认领申请。', 1, 1, '2026-04-06 10:00:00', '演示审核已通过', '2026-04-20 10:00:00', 3, 'family_member', '旧资料快照 #84', 9, 1, '2026-04-20 10:00:00', '2026-04-06 10:00:00', '演示申请已通过', '2026-04-15 10:00:00', 0),
  (21, 1, 10, 1, 85, '为成员 #85 提交演示新增成员申请。', 2, 1, '2026-04-07 10:00:00', '演示审核已驳回', '2026-04-21 10:00:00', 1, 'family_member', '旧资料快照 #85', 10, 2, '2026-04-21 10:00:00', '2026-04-07 10:00:00', '演示申请已驳回', '2026-04-15 10:00:00', 0),
  (22, 1, 11, 2, 86, '为成员 #86 提交演示资料修订申请。', 2, 1, '2026-04-08 10:00:00', '演示审核已驳回', '2026-04-22 10:00:00', 2, 'family_member', '旧资料快照 #86', 11, 2, '2026-04-22 10:00:00', '2026-04-08 10:00:00', '演示申请已驳回', '2026-04-15 10:00:00', 0),
  (23, 1, 12, 3, 87, '为成员 #87 提交演示身份认领申请。', 2, 1, '2026-04-09 10:00:00', '演示审核已驳回', '2026-04-23 10:00:00', 3, 'family_member', '旧资料快照 #87', 12, 2, '2026-04-23 10:00:00', '2026-04-09 10:00:00', '演示申请已驳回', '2026-04-15 10:00:00', 0),
  (24, 1, 13, 1, 88, '为成员 #88 提交演示新增成员申请。', 2, 1, '2026-04-06 10:00:00', '演示审核已驳回', '2026-04-24 10:00:00', 1, 'family_member', '旧资料快照 #88', 13, 2, '2026-04-24 10:00:00', '2026-04-06 10:00:00', '演示申请已驳回', '2026-04-15 10:00:00', 0);

INSERT INTO `home_gallery_image` (`id`, `image_url`, `thumb_url`, `title`, `description`, `uploader_id`, `uploader_role`, `status`, `sort_order`, `reviewer_id`, `review_remark`, `reviewed_at`, `created_at`, `updated_at`, `deleted`) VALUES
  (1, 'https://picsum.photos/seed/gallery-1/1600/1066', 'https://picsum.photos/seed/gallery-thumb-1/1600/1066', '宗祠春启', '澄源堂晨雾初散，春祭前的门楼与鼓架被打理一新。', 3, 0, 1, 99, 1, '演示影像已发布', '2026-04-10 10:00:00', '2026-04-01 10:00:00', '2026-04-14 10:00:00', 0),
  (2, 'https://picsum.photos/seed/gallery-2/1600/1066', 'https://picsum.photos/seed/gallery-thumb-2/1600/1066', '清谱夜话', '青年宗亲围坐在长案旁，为旧谱重录条目与旁注。', 4, 0, 1, 98, 1, '演示影像已发布', '2026-04-11 10:00:00', '2026-04-02 10:00:00', '2026-04-14 10:00:00', 0),
  (3, 'https://picsum.photos/seed/gallery-3/1600/1066', 'https://picsum.photos/seed/gallery-thumb-3/1600/1066', '秋收归堂', '丰收节后，族人把新米与茶样带回祖居共享。', 5, 0, 1, 97, 1, '演示影像已发布', '2026-04-12 10:00:00', '2026-04-03 10:00:00', '2026-04-14 10:00:00', 0),
  (4, 'https://picsum.photos/seed/gallery-4/1600/1066', 'https://picsum.photos/seed/gallery-thumb-4/1600/1066', '旧谱修复', '修复台上铺着卷轴与宣纸，演示传统谱牒整理工序。', 6, 0, 1, 96, 1, '演示影像已发布', '2026-04-13 10:00:00', '2026-04-04 10:00:00', '2026-04-14 10:00:00', 0),
  (5, 'https://picsum.photos/seed/gallery-5/1600/1066', 'https://picsum.photos/seed/gallery-thumb-5/1600/1066', '山门灯火', '入夜后的家宴现场，灯笼把石阶和门匾照得温暖。', 7, 0, 1, 95, 1, '演示影像已发布', '2026-04-14 10:00:00', '2026-04-05 10:00:00', '2026-04-14 10:00:00', 0),
  (6, 'https://picsum.photos/seed/gallery-6/1600/1066', 'https://picsum.photos/seed/gallery-thumb-6/1600/1066', '远行家书', '迁徙专栏旁摆着家书复制件与沿途地图。', 8, 0, 1, 94, 1, '演示影像已发布', '2026-04-15 10:00:00', '2026-04-06 10:00:00', '2026-04-14 10:00:00', 0),
  (7, 'https://picsum.photos/seed/gallery-7/1600/1066', 'https://picsum.photos/seed/gallery-thumb-7/1600/1066', '新枝合影', '年青一代在祠前留下的集体肖像。', 9, 0, 1, 93, 1, '演示影像已发布', '2026-04-16 10:00:00', '2026-04-07 10:00:00', '2026-04-14 10:00:00', 0),
  (8, 'https://picsum.photos/seed/gallery-8/1600/1066', 'https://picsum.photos/seed/gallery-thumb-8/1600/1066', '水岸晨练', '宗亲晨练后在河埠头闲谈，记录生活气息。', 2, 0, 1, 92, 1, '演示影像已发布', '2026-04-17 10:00:00', '2026-04-08 10:00:00', '2026-04-14 10:00:00', 0);

INSERT INTO `migration_timeline` (`id`, `title`, `description`, `location`, `latitude`, `longitude`, `year`, `dynasty`, `generation`, `key_person`, `sort_order`, `icon`, `color`, `image_url`, `created_at`, `updated_at`) VALUES
  (1, '择地立谱', '始祖沈云川在歙南澄源定居，形成首支族居聚落。', '徽州歙南', 30.200000000000003, 117.58, 1478, '明代', 1, '沈云川', 1, 'home', '#8C6239', 'https://picsum.photos/seed/timeline-1/1600/1066', '2026-01-19 10:00:00', '2026-04-11 10:00:00'),
  (2, '书院外迁', '第九代在敬亭创设义学，形成外地求学与返乡授业的传统。', '宣城敬亭', 30.55, 118.05999999999999, 1635, '明末', 9, '沈叙宁', 2, 'school', '#477A5A', 'https://picsum.photos/seed/timeline-2/1600/1066', '2026-01-20 10:00:00', '2026-04-11 10:00:00'),
  (3, '商路拓展', '茶栈与木作行逐步向长江航线扩展，家族足迹首次连到江北。', '南京下关', 30.900000000000002, 118.53999999999999, 1758, '清代', 12, '沈怀衡', 3, 'ship', '#356B8C', 'https://picsum.photos/seed/timeline-3/1600/1066', '2026-01-21 10:00:00', '2026-04-11 10:00:00'),
  (4, '新式学堂', '第十四代青年赴沪求学，从家塾转向新式学堂与报馆。', '上海南市', 31.25, 119.02, 1919, '民国', 14, '沈从岳', 4, 'book', '#9A6C30', 'https://picsum.photos/seed/timeline-4/1600/1066', '2026-01-22 10:00:00', '2026-04-11 10:00:00'),
  (5, '返乡修谱', '旅外宗亲回流参与口述采集，补全战后支派缺页。', '杭州西溪', 31.6, 119.5, 1987, '近现代', 16, '沈知湛', 5, 'map', '#6C4B8C', 'https://picsum.photos/seed/timeline-5/1600/1066', '2026-01-23 10:00:00', '2026-04-11 10:00:00'),
  (6, '数字重编', '以小程序重建家谱、影像与通知体系，演示代际协同录谱。', '云川线上谱局', 31.950000000000003, 119.97999999999999, 2024, '当代', 18, '沈青岑', 6, 'sparkles', '#B65A44', 'https://picsum.photos/seed/timeline-6/1600/1066', '2026-01-24 10:00:00', '2026-04-11 10:00:00');

INSERT INTO `family_event_subscription` (`id`, `user_id`, `openid`, `template_id`, `subscribe_status`, `accept_source`, `accepted_at`, `created_at`, `updated_at`, `deleted`) VALUES
  (1, 2, 'demo_openid_02', 'TMPL_DEMO_GENERAL', 'ACCEPTED', 'showcase_seed', '2026-04-04 10:00:00', '2026-03-25 10:00:00', '2026-04-13 10:00:00', 0),
  (2, 3, 'demo_openid_03', 'TMPL_DEMO_FESTIVAL', 'ACCEPTED', 'showcase_seed', '2026-04-05 10:00:00', '2026-03-26 10:00:00', '2026-04-13 10:00:00', 0),
  (3, 4, 'demo_openid_04', 'TMPL_DEMO_SACRIFICE', 'ACCEPTED', 'showcase_seed', '2026-04-06 10:00:00', '2026-03-27 10:00:00', '2026-04-13 10:00:00', 0),
  (4, 5, 'demo_openid_05', 'TMPL_DEMO_WEDDING', 'ACCEPTED', 'showcase_seed', '2026-04-07 10:00:00', '2026-03-28 10:00:00', '2026-04-13 10:00:00', 0),
  (5, 6, 'demo_openid_06', 'TMPL_DEMO_GENERAL', 'PARTIAL', 'showcase_seed', NULL, '2026-03-29 10:00:00', '2026-04-13 10:00:00', 0),
  (6, 7, 'demo_openid_07', 'TMPL_DEMO_FESTIVAL', 'REJECTED', 'showcase_seed', NULL, '2026-03-30 10:00:00', '2026-04-13 10:00:00', 0),
  (7, 8, 'demo_openid_08', 'TMPL_DEMO_GENERAL', 'ACCEPTED', 'showcase_seed', '2026-04-10 10:00:00', '2026-03-31 10:00:00', '2026-04-13 10:00:00', 0),
  (8, 9, 'demo_openid_09', 'TMPL_DEMO_WEDDING', 'ACCEPTED', 'showcase_seed', '2026-04-11 10:00:00', '2026-04-01 10:00:00', '2026-04-13 10:00:00', 0);

INSERT INTO `family_event_notification` (`id`, `creator_id`, `template_key`, `template_id`, `event_type`, `member_name`, `event_time`, `location`, `remark`, `status`, `recipient_count`, `success_count`, `failure_count`, `last_sent_at`, `created_at`, `updated_at`, `deleted`) VALUES
  (1, 1, 'festival', 'TMPL_DEMO_FESTIVAL', '节日祝福', '沈知衡', '2026-02-09 09:00', '云川线上谱局', '元宵线上家宴提醒', 'SENT', 8, 8, 0, '2026-03-30 10:00:00', '2026-03-22 10:00:00', '2026-04-14 10:00:00', 0),
  (2, 1, 'sacrifice', 'TMPL_DEMO_SACRIFICE', '祭祀活动', '沈从岳', '2026-03-30 08:30', '澄源堂前埕', '清明前家祭与修谱值守安排', 'PARTIAL', 8, 6, 2, '2026-03-31 10:00:00', '2026-03-23 10:00:00', '2026-04-14 10:00:00', 0),
  (3, 1, 'wedding', 'TMPL_DEMO_WEDDING', '婚礼通知', '沈允航', '2026-05-06 11:18', '苏州平江', '青年宗亲婚礼喜帖演示通知', 'SENT', 8, 8, 0, '2026-04-01 10:00:00', '2026-03-24 10:00:00', '2026-04-14 10:00:00', 0),
  (4, 1, 'general', 'TMPL_DEMO_GENERAL', '族务公告', '沈青岑', '2026-06-16 19:30', '线上会议室', '族谱录入分工与影像征集说明', 'NO_RECIPIENT', 0, 0, 0, NULL, '2026-03-25 10:00:00', '2026-04-14 10:00:00', 0),
  (5, 1, 'festival', 'TMPL_DEMO_FESTIVAL', '节日祝福', '沈知湛', '2026-09-15 20:00', '南京鼓楼', '中秋赏月与家书朗读会提醒', 'PARTIAL', 8, 7, 1, '2026-04-03 10:00:00', '2026-03-26 10:00:00', '2026-04-14 10:00:00', 0),
  (6, 1, 'general', 'TMPL_DEMO_GENERAL', '族务公告', '沈云谦', '2026-10-21 18:00', '云川线上谱局', '秋季数据复核任务安排', 'FAILED', 5, 0, 5, '2026-04-04 10:00:00', '2026-03-27 10:00:00', '2026-04-14 10:00:00', 0);

-- family_event_notification_delivery: no seed rows

INSERT INTO `operation_logs` (`id`, `user_id`, `family_id`, `action`, `target_type`, `target_id`, `content`, `ip`, `created_at`) VALUES
  (1, 1, 1, 'seed_showcase', 'database', 1, '初始化演示库并导出社区版样例 SQL。', '127.0.0.1', '2026-04-17 10:00:00');

INSERT INTO `system_config` (`id`, `config_key`, `config_value`, `description`, `created_at`, `updated_at`) VALUES
  (1, 'showcase.family_name', '云川沈氏·澄源堂', '演示家族名称', '2025-12-19 10:00:00', '2026-04-17 10:00:00'),
  (2, 'showcase.seed_version', '2026-04-20', '演示种子版本', '2025-12-19 10:00:00', '2026-04-17 10:00:00'),
  (3, 'showcase.notice', '全部成员、地点、影像与通知均为虚构演示数据。', '演示数据声明', '2025-12-19 10:00:00', '2026-04-17 10:00:00');

INSERT INTO `family_tree_relations` (`id`, `member_id`, `ancestor_id`, `generation_gap`, `relation_type`, `created_at`) VALUES
  (1, 2, 1, 1, 'paternal', '2026-04-16 10:00:00'),
  (2, 3, 1, 1, 'paternal', '2026-04-16 10:00:00'),
  (3, 4, 2, 1, 'paternal', '2026-04-16 10:00:00'),
  (4, 4, 1, 2, 'paternal', '2026-04-16 10:00:00'),
  (5, 5, 3, 1, 'paternal', '2026-04-16 10:00:00'),
  (6, 5, 1, 2, 'paternal', '2026-04-16 10:00:00'),
  (7, 6, 2, 1, 'paternal', '2026-04-16 10:00:00'),
  (8, 6, 1, 2, 'paternal', '2026-04-16 10:00:00'),
  (9, 7, 3, 1, 'paternal', '2026-04-16 10:00:00'),
  (10, 7, 1, 2, 'paternal', '2026-04-16 10:00:00'),
  (11, 8, 4, 1, 'paternal', '2026-04-16 10:00:00'),
  (12, 8, 2, 2, 'paternal', '2026-04-16 10:00:00'),
  (13, 8, 1, 3, 'paternal', '2026-04-16 10:00:00'),
  (14, 9, 5, 1, 'paternal', '2026-04-16 10:00:00'),
  (15, 9, 3, 2, 'paternal', '2026-04-16 10:00:00'),
  (16, 9, 1, 3, 'paternal', '2026-04-16 10:00:00'),
  (17, 10, 6, 1, 'paternal', '2026-04-16 10:00:00'),
  (18, 10, 2, 2, 'paternal', '2026-04-16 10:00:00'),
  (19, 10, 1, 3, 'paternal', '2026-04-16 10:00:00'),
  (20, 11, 7, 1, 'paternal', '2026-04-16 10:00:00'),
  (21, 11, 3, 2, 'paternal', '2026-04-16 10:00:00'),
  (22, 11, 1, 3, 'paternal', '2026-04-16 10:00:00'),
  (23, 12, 4, 1, 'paternal', '2026-04-16 10:00:00'),
  (24, 12, 2, 2, 'paternal', '2026-04-16 10:00:00'),
  (25, 12, 1, 3, 'paternal', '2026-04-16 10:00:00'),
  (26, 13, 5, 1, 'paternal', '2026-04-16 10:00:00'),
  (27, 13, 3, 2, 'paternal', '2026-04-16 10:00:00'),
  (28, 13, 1, 3, 'paternal', '2026-04-16 10:00:00'),
  (29, 14, 8, 1, 'paternal', '2026-04-16 10:00:00'),
  (30, 14, 4, 2, 'paternal', '2026-04-16 10:00:00'),
  (31, 14, 2, 3, 'paternal', '2026-04-16 10:00:00'),
  (32, 14, 1, 4, 'paternal', '2026-04-16 10:00:00'),
  (33, 15, 9, 1, 'paternal', '2026-04-16 10:00:00'),
  (34, 15, 5, 2, 'paternal', '2026-04-16 10:00:00'),
  (35, 15, 3, 3, 'paternal', '2026-04-16 10:00:00'),
  (36, 15, 1, 4, 'paternal', '2026-04-16 10:00:00'),
  (37, 16, 10, 1, 'paternal', '2026-04-16 10:00:00'),
  (38, 16, 6, 2, 'paternal', '2026-04-16 10:00:00'),
  (39, 16, 2, 3, 'paternal', '2026-04-16 10:00:00'),
  (40, 16, 1, 4, 'paternal', '2026-04-16 10:00:00'),
  (41, 17, 11, 1, 'paternal', '2026-04-16 10:00:00'),
  (42, 17, 7, 2, 'paternal', '2026-04-16 10:00:00'),
  (43, 17, 3, 3, 'paternal', '2026-04-16 10:00:00'),
  (44, 17, 1, 4, 'paternal', '2026-04-16 10:00:00'),
  (45, 18, 12, 1, 'paternal', '2026-04-16 10:00:00'),
  (46, 18, 4, 2, 'paternal', '2026-04-16 10:00:00'),
  (47, 18, 2, 3, 'paternal', '2026-04-16 10:00:00'),
  (48, 18, 1, 4, 'paternal', '2026-04-16 10:00:00'),
  (49, 19, 13, 1, 'paternal', '2026-04-16 10:00:00'),
  (50, 19, 5, 2, 'paternal', '2026-04-16 10:00:00'),
  (51, 19, 3, 3, 'paternal', '2026-04-16 10:00:00'),
  (52, 19, 1, 4, 'paternal', '2026-04-16 10:00:00'),
  (53, 20, 8, 1, 'paternal', '2026-04-16 10:00:00'),
  (54, 20, 4, 2, 'paternal', '2026-04-16 10:00:00'),
  (55, 20, 2, 3, 'paternal', '2026-04-16 10:00:00'),
  (56, 20, 1, 4, 'paternal', '2026-04-16 10:00:00'),
  (57, 21, 9, 1, 'paternal', '2026-04-16 10:00:00'),
  (58, 21, 5, 2, 'paternal', '2026-04-16 10:00:00'),
  (59, 21, 3, 3, 'paternal', '2026-04-16 10:00:00'),
  (60, 21, 1, 4, 'paternal', '2026-04-16 10:00:00'),
  (61, 22, 14, 1, 'paternal', '2026-04-16 10:00:00'),
  (62, 22, 8, 2, 'paternal', '2026-04-16 10:00:00'),
  (63, 22, 4, 3, 'paternal', '2026-04-16 10:00:00'),
  (64, 22, 2, 4, 'paternal', '2026-04-16 10:00:00'),
  (65, 22, 1, 5, 'paternal', '2026-04-16 10:00:00'),
  (66, 23, 15, 1, 'paternal', '2026-04-16 10:00:00'),
  (67, 23, 9, 2, 'paternal', '2026-04-16 10:00:00'),
  (68, 23, 5, 3, 'paternal', '2026-04-16 10:00:00'),
  (69, 23, 3, 4, 'paternal', '2026-04-16 10:00:00'),
  (70, 23, 1, 5, 'paternal', '2026-04-16 10:00:00'),
  (71, 24, 16, 1, 'paternal', '2026-04-16 10:00:00'),
  (72, 24, 10, 2, 'paternal', '2026-04-16 10:00:00'),
  (73, 24, 6, 3, 'paternal', '2026-04-16 10:00:00'),
  (74, 24, 2, 4, 'paternal', '2026-04-16 10:00:00'),
  (75, 24, 1, 5, 'paternal', '2026-04-16 10:00:00'),
  (76, 25, 17, 1, 'paternal', '2026-04-16 10:00:00'),
  (77, 25, 11, 2, 'paternal', '2026-04-16 10:00:00'),
  (78, 25, 7, 3, 'paternal', '2026-04-16 10:00:00'),
  (79, 25, 3, 4, 'paternal', '2026-04-16 10:00:00'),
  (80, 25, 1, 5, 'paternal', '2026-04-16 10:00:00'),
  (81, 26, 18, 1, 'paternal', '2026-04-16 10:00:00'),
  (82, 26, 12, 2, 'paternal', '2026-04-16 10:00:00'),
  (83, 26, 4, 3, 'paternal', '2026-04-16 10:00:00'),
  (84, 26, 2, 4, 'paternal', '2026-04-16 10:00:00'),
  (85, 26, 1, 5, 'paternal', '2026-04-16 10:00:00'),
  (86, 27, 19, 1, 'paternal', '2026-04-16 10:00:00'),
  (87, 27, 13, 2, 'paternal', '2026-04-16 10:00:00'),
  (88, 27, 5, 3, 'paternal', '2026-04-16 10:00:00'),
  (89, 27, 3, 4, 'paternal', '2026-04-16 10:00:00'),
  (90, 27, 1, 5, 'paternal', '2026-04-16 10:00:00'),
  (91, 28, 20, 1, 'paternal', '2026-04-16 10:00:00'),
  (92, 28, 8, 2, 'paternal', '2026-04-16 10:00:00'),
  (93, 28, 4, 3, 'paternal', '2026-04-16 10:00:00'),
  (94, 28, 2, 4, 'paternal', '2026-04-16 10:00:00'),
  (95, 28, 1, 5, 'paternal', '2026-04-16 10:00:00'),
  (96, 29, 14, 1, 'paternal', '2026-04-16 10:00:00'),
  (97, 29, 8, 2, 'paternal', '2026-04-16 10:00:00'),
  (98, 29, 4, 3, 'paternal', '2026-04-16 10:00:00'),
  (99, 29, 2, 4, 'paternal', '2026-04-16 10:00:00'),
  (100, 29, 1, 5, 'paternal', '2026-04-16 10:00:00'),
  (101, 30, 15, 1, 'paternal', '2026-04-16 10:00:00'),
  (102, 30, 9, 2, 'paternal', '2026-04-16 10:00:00'),
  (103, 30, 5, 3, 'paternal', '2026-04-16 10:00:00'),
  (104, 30, 3, 4, 'paternal', '2026-04-16 10:00:00'),
  (105, 30, 1, 5, 'paternal', '2026-04-16 10:00:00'),
  (106, 31, 16, 1, 'paternal', '2026-04-16 10:00:00'),
  (107, 31, 10, 2, 'paternal', '2026-04-16 10:00:00'),
  (108, 31, 6, 3, 'paternal', '2026-04-16 10:00:00'),
  (109, 31, 2, 4, 'paternal', '2026-04-16 10:00:00'),
  (110, 31, 1, 5, 'paternal', '2026-04-16 10:00:00'),
  (111, 32, 22, 1, 'paternal', '2026-04-16 10:00:00'),
  (112, 32, 14, 2, 'paternal', '2026-04-16 10:00:00'),
  (113, 32, 8, 3, 'paternal', '2026-04-16 10:00:00'),
  (114, 32, 4, 4, 'paternal', '2026-04-16 10:00:00'),
  (115, 32, 2, 5, 'paternal', '2026-04-16 10:00:00'),
  (116, 32, 1, 6, 'paternal', '2026-04-16 10:00:00'),
  (117, 33, 23, 1, 'paternal', '2026-04-16 10:00:00'),
  (118, 33, 15, 2, 'paternal', '2026-04-16 10:00:00'),
  (119, 33, 9, 3, 'paternal', '2026-04-16 10:00:00'),
  (120, 33, 5, 4, 'paternal', '2026-04-16 10:00:00'),
  (121, 33, 3, 5, 'paternal', '2026-04-16 10:00:00'),
  (122, 33, 1, 6, 'paternal', '2026-04-16 10:00:00'),
  (123, 34, 24, 1, 'paternal', '2026-04-16 10:00:00'),
  (124, 34, 16, 2, 'paternal', '2026-04-16 10:00:00'),
  (125, 34, 10, 3, 'paternal', '2026-04-16 10:00:00'),
  (126, 34, 6, 4, 'paternal', '2026-04-16 10:00:00'),
  (127, 34, 2, 5, 'paternal', '2026-04-16 10:00:00'),
  (128, 34, 1, 6, 'paternal', '2026-04-16 10:00:00'),
  (129, 35, 25, 1, 'paternal', '2026-04-16 10:00:00'),
  (130, 35, 17, 2, 'paternal', '2026-04-16 10:00:00'),
  (131, 35, 11, 3, 'paternal', '2026-04-16 10:00:00'),
  (132, 35, 7, 4, 'paternal', '2026-04-16 10:00:00'),
  (133, 35, 3, 5, 'paternal', '2026-04-16 10:00:00'),
  (134, 35, 1, 6, 'paternal', '2026-04-16 10:00:00'),
  (135, 36, 26, 1, 'paternal', '2026-04-16 10:00:00'),
  (136, 36, 18, 2, 'paternal', '2026-04-16 10:00:00'),
  (137, 36, 12, 3, 'paternal', '2026-04-16 10:00:00'),
  (138, 36, 4, 4, 'paternal', '2026-04-16 10:00:00'),
  (139, 36, 2, 5, 'paternal', '2026-04-16 10:00:00'),
  (140, 36, 1, 6, 'paternal', '2026-04-16 10:00:00'),
  (141, 37, 27, 1, 'paternal', '2026-04-16 10:00:00'),
  (142, 37, 19, 2, 'paternal', '2026-04-16 10:00:00'),
  (143, 37, 13, 3, 'paternal', '2026-04-16 10:00:00'),
  (144, 37, 5, 4, 'paternal', '2026-04-16 10:00:00'),
  (145, 37, 3, 5, 'paternal', '2026-04-16 10:00:00'),
  (146, 37, 1, 6, 'paternal', '2026-04-16 10:00:00'),
  (147, 38, 28, 1, 'paternal', '2026-04-16 10:00:00'),
  (148, 38, 20, 2, 'paternal', '2026-04-16 10:00:00'),
  (149, 38, 8, 3, 'paternal', '2026-04-16 10:00:00'),
  (150, 38, 4, 4, 'paternal', '2026-04-16 10:00:00'),
  (151, 38, 2, 5, 'paternal', '2026-04-16 10:00:00'),
  (152, 38, 1, 6, 'paternal', '2026-04-16 10:00:00'),
  (153, 39, 29, 1, 'paternal', '2026-04-16 10:00:00'),
  (154, 39, 14, 2, 'paternal', '2026-04-16 10:00:00'),
  (155, 39, 8, 3, 'paternal', '2026-04-16 10:00:00'),
  (156, 39, 4, 4, 'paternal', '2026-04-16 10:00:00'),
  (157, 39, 2, 5, 'paternal', '2026-04-16 10:00:00'),
  (158, 39, 1, 6, 'paternal', '2026-04-16 10:00:00'),
  (159, 40, 30, 1, 'paternal', '2026-04-16 10:00:00'),
  (160, 40, 15, 2, 'paternal', '2026-04-16 10:00:00'),
  (161, 40, 9, 3, 'paternal', '2026-04-16 10:00:00'),
  (162, 40, 5, 4, 'paternal', '2026-04-16 10:00:00'),
  (163, 40, 3, 5, 'paternal', '2026-04-16 10:00:00'),
  (164, 40, 1, 6, 'paternal', '2026-04-16 10:00:00'),
  (165, 41, 32, 1, 'paternal', '2026-04-16 10:00:00'),
  (166, 41, 22, 2, 'paternal', '2026-04-16 10:00:00'),
  (167, 41, 14, 3, 'paternal', '2026-04-16 10:00:00'),
  (168, 41, 8, 4, 'paternal', '2026-04-16 10:00:00'),
  (169, 41, 4, 5, 'paternal', '2026-04-16 10:00:00'),
  (170, 41, 2, 6, 'paternal', '2026-04-16 10:00:00'),
  (171, 41, 1, 7, 'paternal', '2026-04-16 10:00:00'),
  (172, 42, 33, 1, 'paternal', '2026-04-16 10:00:00'),
  (173, 42, 23, 2, 'paternal', '2026-04-16 10:00:00'),
  (174, 42, 15, 3, 'paternal', '2026-04-16 10:00:00'),
  (175, 42, 9, 4, 'paternal', '2026-04-16 10:00:00'),
  (176, 42, 5, 5, 'paternal', '2026-04-16 10:00:00'),
  (177, 42, 3, 6, 'paternal', '2026-04-16 10:00:00'),
  (178, 42, 1, 7, 'paternal', '2026-04-16 10:00:00'),
  (179, 43, 34, 1, 'paternal', '2026-04-16 10:00:00'),
  (180, 43, 24, 2, 'paternal', '2026-04-16 10:00:00'),
  (181, 43, 16, 3, 'paternal', '2026-04-16 10:00:00'),
  (182, 43, 10, 4, 'paternal', '2026-04-16 10:00:00'),
  (183, 43, 6, 5, 'paternal', '2026-04-16 10:00:00'),
  (184, 43, 2, 6, 'paternal', '2026-04-16 10:00:00'),
  (185, 43, 1, 7, 'paternal', '2026-04-16 10:00:00'),
  (186, 44, 35, 1, 'paternal', '2026-04-16 10:00:00'),
  (187, 44, 25, 2, 'paternal', '2026-04-16 10:00:00'),
  (188, 44, 17, 3, 'paternal', '2026-04-16 10:00:00'),
  (189, 44, 11, 4, 'paternal', '2026-04-16 10:00:00'),
  (190, 44, 7, 5, 'paternal', '2026-04-16 10:00:00'),
  (191, 44, 3, 6, 'paternal', '2026-04-16 10:00:00'),
  (192, 44, 1, 7, 'paternal', '2026-04-16 10:00:00'),
  (193, 45, 36, 1, 'paternal', '2026-04-16 10:00:00'),
  (194, 45, 26, 2, 'paternal', '2026-04-16 10:00:00'),
  (195, 45, 18, 3, 'paternal', '2026-04-16 10:00:00'),
  (196, 45, 12, 4, 'paternal', '2026-04-16 10:00:00'),
  (197, 45, 4, 5, 'paternal', '2026-04-16 10:00:00'),
  (198, 45, 2, 6, 'paternal', '2026-04-16 10:00:00'),
  (199, 45, 1, 7, 'paternal', '2026-04-16 10:00:00'),
  (200, 46, 37, 1, 'paternal', '2026-04-16 10:00:00'),
  (201, 46, 27, 2, 'paternal', '2026-04-16 10:00:00'),
  (202, 46, 19, 3, 'paternal', '2026-04-16 10:00:00'),
  (203, 46, 13, 4, 'paternal', '2026-04-16 10:00:00'),
  (204, 46, 5, 5, 'paternal', '2026-04-16 10:00:00'),
  (205, 46, 3, 6, 'paternal', '2026-04-16 10:00:00'),
  (206, 46, 1, 7, 'paternal', '2026-04-16 10:00:00'),
  (207, 47, 38, 1, 'paternal', '2026-04-16 10:00:00'),
  (208, 47, 28, 2, 'paternal', '2026-04-16 10:00:00'),
  (209, 47, 20, 3, 'paternal', '2026-04-16 10:00:00'),
  (210, 47, 8, 4, 'paternal', '2026-04-16 10:00:00'),
  (211, 47, 4, 5, 'paternal', '2026-04-16 10:00:00'),
  (212, 47, 2, 6, 'paternal', '2026-04-16 10:00:00'),
  (213, 47, 1, 7, 'paternal', '2026-04-16 10:00:00'),
  (214, 48, 39, 1, 'paternal', '2026-04-16 10:00:00'),
  (215, 48, 29, 2, 'paternal', '2026-04-16 10:00:00'),
  (216, 48, 14, 3, 'paternal', '2026-04-16 10:00:00'),
  (217, 48, 8, 4, 'paternal', '2026-04-16 10:00:00'),
  (218, 48, 4, 5, 'paternal', '2026-04-16 10:00:00'),
  (219, 48, 2, 6, 'paternal', '2026-04-16 10:00:00'),
  (220, 48, 1, 7, 'paternal', '2026-04-16 10:00:00'),
  (221, 49, 32, 1, 'paternal', '2026-04-16 10:00:00'),
  (222, 49, 22, 2, 'paternal', '2026-04-16 10:00:00'),
  (223, 49, 14, 3, 'paternal', '2026-04-16 10:00:00'),
  (224, 49, 8, 4, 'paternal', '2026-04-16 10:00:00'),
  (225, 49, 4, 5, 'paternal', '2026-04-16 10:00:00'),
  (226, 49, 2, 6, 'paternal', '2026-04-16 10:00:00'),
  (227, 49, 1, 7, 'paternal', '2026-04-16 10:00:00'),
  (228, 50, 33, 1, 'paternal', '2026-04-16 10:00:00'),
  (229, 50, 23, 2, 'paternal', '2026-04-16 10:00:00'),
  (230, 50, 15, 3, 'paternal', '2026-04-16 10:00:00'),
  (231, 50, 9, 4, 'paternal', '2026-04-16 10:00:00'),
  (232, 50, 5, 5, 'paternal', '2026-04-16 10:00:00'),
  (233, 50, 3, 6, 'paternal', '2026-04-16 10:00:00'),
  (234, 50, 1, 7, 'paternal', '2026-04-16 10:00:00'),
  (235, 51, 34, 1, 'paternal', '2026-04-16 10:00:00'),
  (236, 51, 24, 2, 'paternal', '2026-04-16 10:00:00'),
  (237, 51, 16, 3, 'paternal', '2026-04-16 10:00:00'),
  (238, 51, 10, 4, 'paternal', '2026-04-16 10:00:00'),
  (239, 51, 6, 5, 'paternal', '2026-04-16 10:00:00'),
  (240, 51, 2, 6, 'paternal', '2026-04-16 10:00:00'),
  (241, 51, 1, 7, 'paternal', '2026-04-16 10:00:00'),
  (242, 52, 41, 1, 'paternal', '2026-04-16 10:00:00'),
  (243, 52, 32, 2, 'paternal', '2026-04-16 10:00:00'),
  (244, 52, 22, 3, 'paternal', '2026-04-16 10:00:00'),
  (245, 52, 14, 4, 'paternal', '2026-04-16 10:00:00'),
  (246, 52, 8, 5, 'paternal', '2026-04-16 10:00:00'),
  (247, 52, 4, 6, 'paternal', '2026-04-16 10:00:00'),
  (248, 52, 2, 7, 'paternal', '2026-04-16 10:00:00'),
  (249, 52, 1, 8, 'paternal', '2026-04-16 10:00:00'),
  (250, 53, 42, 1, 'paternal', '2026-04-16 10:00:00'),
  (251, 53, 33, 2, 'paternal', '2026-04-16 10:00:00'),
  (252, 53, 23, 3, 'paternal', '2026-04-16 10:00:00'),
  (253, 53, 15, 4, 'paternal', '2026-04-16 10:00:00'),
  (254, 53, 9, 5, 'paternal', '2026-04-16 10:00:00'),
  (255, 53, 5, 6, 'paternal', '2026-04-16 10:00:00'),
  (256, 53, 3, 7, 'paternal', '2026-04-16 10:00:00'),
  (257, 53, 1, 8, 'paternal', '2026-04-16 10:00:00'),
  (258, 54, 43, 1, 'paternal', '2026-04-16 10:00:00'),
  (259, 54, 34, 2, 'paternal', '2026-04-16 10:00:00'),
  (260, 54, 24, 3, 'paternal', '2026-04-16 10:00:00'),
  (261, 54, 16, 4, 'paternal', '2026-04-16 10:00:00'),
  (262, 54, 10, 5, 'paternal', '2026-04-16 10:00:00'),
  (263, 54, 6, 6, 'paternal', '2026-04-16 10:00:00'),
  (264, 54, 2, 7, 'paternal', '2026-04-16 10:00:00'),
  (265, 54, 1, 8, 'paternal', '2026-04-16 10:00:00'),
  (266, 55, 44, 1, 'paternal', '2026-04-16 10:00:00'),
  (267, 55, 35, 2, 'paternal', '2026-04-16 10:00:00'),
  (268, 55, 25, 3, 'paternal', '2026-04-16 10:00:00'),
  (269, 55, 17, 4, 'paternal', '2026-04-16 10:00:00'),
  (270, 55, 11, 5, 'paternal', '2026-04-16 10:00:00'),
  (271, 55, 7, 6, 'paternal', '2026-04-16 10:00:00'),
  (272, 55, 3, 7, 'paternal', '2026-04-16 10:00:00'),
  (273, 55, 1, 8, 'paternal', '2026-04-16 10:00:00'),
  (274, 56, 45, 1, 'paternal', '2026-04-16 10:00:00'),
  (275, 56, 36, 2, 'paternal', '2026-04-16 10:00:00'),
  (276, 56, 26, 3, 'paternal', '2026-04-16 10:00:00'),
  (277, 56, 18, 4, 'paternal', '2026-04-16 10:00:00'),
  (278, 56, 12, 5, 'paternal', '2026-04-16 10:00:00'),
  (279, 56, 4, 6, 'paternal', '2026-04-16 10:00:00'),
  (280, 56, 2, 7, 'paternal', '2026-04-16 10:00:00'),
  (281, 56, 1, 8, 'paternal', '2026-04-16 10:00:00'),
  (282, 57, 46, 1, 'paternal', '2026-04-16 10:00:00'),
  (283, 57, 37, 2, 'paternal', '2026-04-16 10:00:00'),
  (284, 57, 27, 3, 'paternal', '2026-04-16 10:00:00'),
  (285, 57, 19, 4, 'paternal', '2026-04-16 10:00:00'),
  (286, 57, 13, 5, 'paternal', '2026-04-16 10:00:00'),
  (287, 57, 5, 6, 'paternal', '2026-04-16 10:00:00'),
  (288, 57, 3, 7, 'paternal', '2026-04-16 10:00:00'),
  (289, 57, 1, 8, 'paternal', '2026-04-16 10:00:00'),
  (290, 58, 47, 1, 'paternal', '2026-04-16 10:00:00'),
  (291, 58, 38, 2, 'paternal', '2026-04-16 10:00:00'),
  (292, 58, 28, 3, 'paternal', '2026-04-16 10:00:00'),
  (293, 58, 20, 4, 'paternal', '2026-04-16 10:00:00'),
  (294, 58, 8, 5, 'paternal', '2026-04-16 10:00:00'),
  (295, 58, 4, 6, 'paternal', '2026-04-16 10:00:00'),
  (296, 58, 2, 7, 'paternal', '2026-04-16 10:00:00'),
  (297, 58, 1, 8, 'paternal', '2026-04-16 10:00:00'),
  (298, 59, 48, 1, 'paternal', '2026-04-16 10:00:00'),
  (299, 59, 39, 2, 'paternal', '2026-04-16 10:00:00'),
  (300, 59, 29, 3, 'paternal', '2026-04-16 10:00:00'),
  (301, 59, 14, 4, 'paternal', '2026-04-16 10:00:00'),
  (302, 59, 8, 5, 'paternal', '2026-04-16 10:00:00'),
  (303, 59, 4, 6, 'paternal', '2026-04-16 10:00:00'),
  (304, 59, 2, 7, 'paternal', '2026-04-16 10:00:00'),
  (305, 59, 1, 8, 'paternal', '2026-04-16 10:00:00'),
  (306, 60, 49, 1, 'paternal', '2026-04-16 10:00:00'),
  (307, 60, 32, 2, 'paternal', '2026-04-16 10:00:00'),
  (308, 60, 22, 3, 'paternal', '2026-04-16 10:00:00'),
  (309, 60, 14, 4, 'paternal', '2026-04-16 10:00:00'),
  (310, 60, 8, 5, 'paternal', '2026-04-16 10:00:00'),
  (311, 60, 4, 6, 'paternal', '2026-04-16 10:00:00'),
  (312, 60, 2, 7, 'paternal', '2026-04-16 10:00:00'),
  (313, 60, 1, 8, 'paternal', '2026-04-16 10:00:00'),
  (314, 61, 41, 1, 'paternal', '2026-04-16 10:00:00'),
  (315, 61, 32, 2, 'paternal', '2026-04-16 10:00:00'),
  (316, 61, 22, 3, 'paternal', '2026-04-16 10:00:00'),
  (317, 61, 14, 4, 'paternal', '2026-04-16 10:00:00'),
  (318, 61, 8, 5, 'paternal', '2026-04-16 10:00:00'),
  (319, 61, 4, 6, 'paternal', '2026-04-16 10:00:00'),
  (320, 61, 2, 7, 'paternal', '2026-04-16 10:00:00'),
  (321, 61, 1, 8, 'paternal', '2026-04-16 10:00:00'),
  (322, 62, 42, 1, 'paternal', '2026-04-16 10:00:00'),
  (323, 62, 33, 2, 'paternal', '2026-04-16 10:00:00'),
  (324, 62, 23, 3, 'paternal', '2026-04-16 10:00:00'),
  (325, 62, 15, 4, 'paternal', '2026-04-16 10:00:00'),
  (326, 62, 9, 5, 'paternal', '2026-04-16 10:00:00'),
  (327, 62, 5, 6, 'paternal', '2026-04-16 10:00:00'),
  (328, 62, 3, 7, 'paternal', '2026-04-16 10:00:00'),
  (329, 62, 1, 8, 'paternal', '2026-04-16 10:00:00'),
  (330, 63, 43, 1, 'paternal', '2026-04-16 10:00:00'),
  (331, 63, 34, 2, 'paternal', '2026-04-16 10:00:00'),
  (332, 63, 24, 3, 'paternal', '2026-04-16 10:00:00'),
  (333, 63, 16, 4, 'paternal', '2026-04-16 10:00:00'),
  (334, 63, 10, 5, 'paternal', '2026-04-16 10:00:00'),
  (335, 63, 6, 6, 'paternal', '2026-04-16 10:00:00'),
  (336, 63, 2, 7, 'paternal', '2026-04-16 10:00:00'),
  (337, 63, 1, 8, 'paternal', '2026-04-16 10:00:00'),
  (338, 64, 44, 1, 'paternal', '2026-04-16 10:00:00'),
  (339, 64, 35, 2, 'paternal', '2026-04-16 10:00:00'),
  (340, 64, 25, 3, 'paternal', '2026-04-16 10:00:00'),
  (341, 64, 17, 4, 'paternal', '2026-04-16 10:00:00'),
  (342, 64, 11, 5, 'paternal', '2026-04-16 10:00:00'),
  (343, 64, 7, 6, 'paternal', '2026-04-16 10:00:00'),
  (344, 64, 3, 7, 'paternal', '2026-04-16 10:00:00'),
  (345, 64, 1, 8, 'paternal', '2026-04-16 10:00:00'),
  (346, 65, 52, 1, 'paternal', '2026-04-16 10:00:00'),
  (347, 65, 41, 2, 'paternal', '2026-04-16 10:00:00'),
  (348, 65, 32, 3, 'paternal', '2026-04-16 10:00:00'),
  (349, 65, 22, 4, 'paternal', '2026-04-16 10:00:00'),
  (350, 65, 14, 5, 'paternal', '2026-04-16 10:00:00'),
  (351, 65, 8, 6, 'paternal', '2026-04-16 10:00:00'),
  (352, 65, 4, 7, 'paternal', '2026-04-16 10:00:00'),
  (353, 65, 2, 8, 'paternal', '2026-04-16 10:00:00'),
  (354, 65, 1, 9, 'paternal', '2026-04-16 10:00:00'),
  (355, 66, 53, 1, 'paternal', '2026-04-16 10:00:00'),
  (356, 66, 42, 2, 'paternal', '2026-04-16 10:00:00'),
  (357, 66, 33, 3, 'paternal', '2026-04-16 10:00:00'),
  (358, 66, 23, 4, 'paternal', '2026-04-16 10:00:00'),
  (359, 66, 15, 5, 'paternal', '2026-04-16 10:00:00'),
  (360, 66, 9, 6, 'paternal', '2026-04-16 10:00:00'),
  (361, 66, 5, 7, 'paternal', '2026-04-16 10:00:00'),
  (362, 66, 3, 8, 'paternal', '2026-04-16 10:00:00'),
  (363, 66, 1, 9, 'paternal', '2026-04-16 10:00:00'),
  (364, 67, 54, 1, 'paternal', '2026-04-16 10:00:00'),
  (365, 67, 43, 2, 'paternal', '2026-04-16 10:00:00'),
  (366, 67, 34, 3, 'paternal', '2026-04-16 10:00:00'),
  (367, 67, 24, 4, 'paternal', '2026-04-16 10:00:00'),
  (368, 67, 16, 5, 'paternal', '2026-04-16 10:00:00'),
  (369, 67, 10, 6, 'paternal', '2026-04-16 10:00:00'),
  (370, 67, 6, 7, 'paternal', '2026-04-16 10:00:00'),
  (371, 67, 2, 8, 'paternal', '2026-04-16 10:00:00'),
  (372, 67, 1, 9, 'paternal', '2026-04-16 10:00:00'),
  (373, 68, 55, 1, 'paternal', '2026-04-16 10:00:00'),
  (374, 68, 44, 2, 'paternal', '2026-04-16 10:00:00'),
  (375, 68, 35, 3, 'paternal', '2026-04-16 10:00:00'),
  (376, 68, 25, 4, 'paternal', '2026-04-16 10:00:00'),
  (377, 68, 17, 5, 'paternal', '2026-04-16 10:00:00'),
  (378, 68, 11, 6, 'paternal', '2026-04-16 10:00:00'),
  (379, 68, 7, 7, 'paternal', '2026-04-16 10:00:00'),
  (380, 68, 3, 8, 'paternal', '2026-04-16 10:00:00'),
  (381, 68, 1, 9, 'paternal', '2026-04-16 10:00:00'),
  (382, 69, 56, 1, 'paternal', '2026-04-16 10:00:00'),
  (383, 69, 45, 2, 'paternal', '2026-04-16 10:00:00'),
  (384, 69, 36, 3, 'paternal', '2026-04-16 10:00:00'),
  (385, 69, 26, 4, 'paternal', '2026-04-16 10:00:00'),
  (386, 69, 18, 5, 'paternal', '2026-04-16 10:00:00'),
  (387, 69, 12, 6, 'paternal', '2026-04-16 10:00:00'),
  (388, 69, 4, 7, 'paternal', '2026-04-16 10:00:00'),
  (389, 69, 2, 8, 'paternal', '2026-04-16 10:00:00'),
  (390, 69, 1, 9, 'paternal', '2026-04-16 10:00:00'),
  (391, 70, 57, 1, 'paternal', '2026-04-16 10:00:00'),
  (392, 70, 46, 2, 'paternal', '2026-04-16 10:00:00'),
  (393, 70, 37, 3, 'paternal', '2026-04-16 10:00:00'),
  (394, 70, 27, 4, 'paternal', '2026-04-16 10:00:00'),
  (395, 70, 19, 5, 'paternal', '2026-04-16 10:00:00'),
  (396, 70, 13, 6, 'paternal', '2026-04-16 10:00:00'),
  (397, 70, 5, 7, 'paternal', '2026-04-16 10:00:00'),
  (398, 70, 3, 8, 'paternal', '2026-04-16 10:00:00'),
  (399, 70, 1, 9, 'paternal', '2026-04-16 10:00:00'),
  (400, 71, 58, 1, 'paternal', '2026-04-16 10:00:00'),
  (401, 71, 47, 2, 'paternal', '2026-04-16 10:00:00'),
  (402, 71, 38, 3, 'paternal', '2026-04-16 10:00:00'),
  (403, 71, 28, 4, 'paternal', '2026-04-16 10:00:00'),
  (404, 71, 20, 5, 'paternal', '2026-04-16 10:00:00'),
  (405, 71, 8, 6, 'paternal', '2026-04-16 10:00:00'),
  (406, 71, 4, 7, 'paternal', '2026-04-16 10:00:00'),
  (407, 71, 2, 8, 'paternal', '2026-04-16 10:00:00'),
  (408, 71, 1, 9, 'paternal', '2026-04-16 10:00:00'),
  (409, 72, 59, 1, 'paternal', '2026-04-16 10:00:00'),
  (410, 72, 48, 2, 'paternal', '2026-04-16 10:00:00'),
  (411, 72, 39, 3, 'paternal', '2026-04-16 10:00:00'),
  (412, 72, 29, 4, 'paternal', '2026-04-16 10:00:00'),
  (413, 72, 14, 5, 'paternal', '2026-04-16 10:00:00'),
  (414, 72, 8, 6, 'paternal', '2026-04-16 10:00:00'),
  (415, 72, 4, 7, 'paternal', '2026-04-16 10:00:00'),
  (416, 72, 2, 8, 'paternal', '2026-04-16 10:00:00'),
  (417, 72, 1, 9, 'paternal', '2026-04-16 10:00:00'),
  (418, 73, 60, 1, 'paternal', '2026-04-16 10:00:00'),
  (419, 73, 49, 2, 'paternal', '2026-04-16 10:00:00'),
  (420, 73, 32, 3, 'paternal', '2026-04-16 10:00:00'),
  (421, 73, 22, 4, 'paternal', '2026-04-16 10:00:00'),
  (422, 73, 14, 5, 'paternal', '2026-04-16 10:00:00'),
  (423, 73, 8, 6, 'paternal', '2026-04-16 10:00:00'),
  (424, 73, 4, 7, 'paternal', '2026-04-16 10:00:00'),
  (425, 73, 2, 8, 'paternal', '2026-04-16 10:00:00'),
  (426, 73, 1, 9, 'paternal', '2026-04-16 10:00:00'),
  (427, 74, 61, 1, 'paternal', '2026-04-16 10:00:00'),
  (428, 74, 41, 2, 'paternal', '2026-04-16 10:00:00'),
  (429, 74, 32, 3, 'paternal', '2026-04-16 10:00:00'),
  (430, 74, 22, 4, 'paternal', '2026-04-16 10:00:00'),
  (431, 74, 14, 5, 'paternal', '2026-04-16 10:00:00'),
  (432, 74, 8, 6, 'paternal', '2026-04-16 10:00:00'),
  (433, 74, 4, 7, 'paternal', '2026-04-16 10:00:00'),
  (434, 74, 2, 8, 'paternal', '2026-04-16 10:00:00'),
  (435, 74, 1, 9, 'paternal', '2026-04-16 10:00:00'),
  (436, 75, 52, 1, 'paternal', '2026-04-16 10:00:00'),
  (437, 75, 41, 2, 'paternal', '2026-04-16 10:00:00'),
  (438, 75, 32, 3, 'paternal', '2026-04-16 10:00:00'),
  (439, 75, 22, 4, 'paternal', '2026-04-16 10:00:00'),
  (440, 75, 14, 5, 'paternal', '2026-04-16 10:00:00'),
  (441, 75, 8, 6, 'paternal', '2026-04-16 10:00:00'),
  (442, 75, 4, 7, 'paternal', '2026-04-16 10:00:00'),
  (443, 75, 2, 8, 'paternal', '2026-04-16 10:00:00'),
  (444, 75, 1, 9, 'paternal', '2026-04-16 10:00:00'),
  (445, 76, 53, 1, 'paternal', '2026-04-16 10:00:00'),
  (446, 76, 42, 2, 'paternal', '2026-04-16 10:00:00'),
  (447, 76, 33, 3, 'paternal', '2026-04-16 10:00:00'),
  (448, 76, 23, 4, 'paternal', '2026-04-16 10:00:00'),
  (449, 76, 15, 5, 'paternal', '2026-04-16 10:00:00'),
  (450, 76, 9, 6, 'paternal', '2026-04-16 10:00:00'),
  (451, 76, 5, 7, 'paternal', '2026-04-16 10:00:00'),
  (452, 76, 3, 8, 'paternal', '2026-04-16 10:00:00'),
  (453, 76, 1, 9, 'paternal', '2026-04-16 10:00:00'),
  (454, 77, 54, 1, 'paternal', '2026-04-16 10:00:00'),
  (455, 77, 43, 2, 'paternal', '2026-04-16 10:00:00'),
  (456, 77, 34, 3, 'paternal', '2026-04-16 10:00:00'),
  (457, 77, 24, 4, 'paternal', '2026-04-16 10:00:00'),
  (458, 77, 16, 5, 'paternal', '2026-04-16 10:00:00'),
  (459, 77, 10, 6, 'paternal', '2026-04-16 10:00:00'),
  (460, 77, 6, 7, 'paternal', '2026-04-16 10:00:00'),
  (461, 77, 2, 8, 'paternal', '2026-04-16 10:00:00'),
  (462, 77, 1, 9, 'paternal', '2026-04-16 10:00:00'),
  (463, 78, 55, 1, 'paternal', '2026-04-16 10:00:00'),
  (464, 78, 44, 2, 'paternal', '2026-04-16 10:00:00'),
  (465, 78, 35, 3, 'paternal', '2026-04-16 10:00:00'),
  (466, 78, 25, 4, 'paternal', '2026-04-16 10:00:00'),
  (467, 78, 17, 5, 'paternal', '2026-04-16 10:00:00'),
  (468, 78, 11, 6, 'paternal', '2026-04-16 10:00:00'),
  (469, 78, 7, 7, 'paternal', '2026-04-16 10:00:00'),
  (470, 78, 3, 8, 'paternal', '2026-04-16 10:00:00'),
  (471, 78, 1, 9, 'paternal', '2026-04-16 10:00:00'),
  (472, 79, 56, 1, 'paternal', '2026-04-16 10:00:00'),
  (473, 79, 45, 2, 'paternal', '2026-04-16 10:00:00'),
  (474, 79, 36, 3, 'paternal', '2026-04-16 10:00:00'),
  (475, 79, 26, 4, 'paternal', '2026-04-16 10:00:00'),
  (476, 79, 18, 5, 'paternal', '2026-04-16 10:00:00'),
  (477, 79, 12, 6, 'paternal', '2026-04-16 10:00:00'),
  (478, 79, 4, 7, 'paternal', '2026-04-16 10:00:00'),
  (479, 79, 2, 8, 'paternal', '2026-04-16 10:00:00'),
  (480, 79, 1, 9, 'paternal', '2026-04-16 10:00:00'),
  (481, 80, 57, 1, 'paternal', '2026-04-16 10:00:00'),
  (482, 80, 46, 2, 'paternal', '2026-04-16 10:00:00'),
  (483, 80, 37, 3, 'paternal', '2026-04-16 10:00:00'),
  (484, 80, 27, 4, 'paternal', '2026-04-16 10:00:00'),
  (485, 80, 19, 5, 'paternal', '2026-04-16 10:00:00'),
  (486, 80, 13, 6, 'paternal', '2026-04-16 10:00:00'),
  (487, 80, 5, 7, 'paternal', '2026-04-16 10:00:00'),
  (488, 80, 3, 8, 'paternal', '2026-04-16 10:00:00'),
  (489, 80, 1, 9, 'paternal', '2026-04-16 10:00:00'),
  (490, 81, 58, 1, 'paternal', '2026-04-16 10:00:00'),
  (491, 81, 47, 2, 'paternal', '2026-04-16 10:00:00'),
  (492, 81, 38, 3, 'paternal', '2026-04-16 10:00:00'),
  (493, 81, 28, 4, 'paternal', '2026-04-16 10:00:00'),
  (494, 81, 20, 5, 'paternal', '2026-04-16 10:00:00'),
  (495, 81, 8, 6, 'paternal', '2026-04-16 10:00:00'),
  (496, 81, 4, 7, 'paternal', '2026-04-16 10:00:00'),
  (497, 81, 2, 8, 'paternal', '2026-04-16 10:00:00'),
  (498, 81, 1, 9, 'paternal', '2026-04-16 10:00:00'),
  (499, 82, 65, 1, 'paternal', '2026-04-16 10:00:00'),
  (500, 82, 52, 2, 'paternal', '2026-04-16 10:00:00'),
  (501, 82, 41, 3, 'paternal', '2026-04-16 10:00:00'),
  (502, 82, 32, 4, 'paternal', '2026-04-16 10:00:00'),
  (503, 82, 22, 5, 'paternal', '2026-04-16 10:00:00'),
  (504, 82, 14, 6, 'paternal', '2026-04-16 10:00:00'),
  (505, 82, 8, 7, 'paternal', '2026-04-16 10:00:00'),
  (506, 82, 4, 8, 'paternal', '2026-04-16 10:00:00'),
  (507, 82, 2, 9, 'paternal', '2026-04-16 10:00:00'),
  (508, 82, 1, 10, 'paternal', '2026-04-16 10:00:00'),
  (509, 83, 66, 1, 'paternal', '2026-04-16 10:00:00'),
  (510, 83, 53, 2, 'paternal', '2026-04-16 10:00:00'),
  (511, 83, 42, 3, 'paternal', '2026-04-16 10:00:00'),
  (512, 83, 33, 4, 'paternal', '2026-04-16 10:00:00'),
  (513, 83, 23, 5, 'paternal', '2026-04-16 10:00:00'),
  (514, 83, 15, 6, 'paternal', '2026-04-16 10:00:00'),
  (515, 83, 9, 7, 'paternal', '2026-04-16 10:00:00'),
  (516, 83, 5, 8, 'paternal', '2026-04-16 10:00:00'),
  (517, 83, 3, 9, 'paternal', '2026-04-16 10:00:00'),
  (518, 83, 1, 10, 'paternal', '2026-04-16 10:00:00'),
  (519, 84, 67, 1, 'paternal', '2026-04-16 10:00:00'),
  (520, 84, 54, 2, 'paternal', '2026-04-16 10:00:00'),
  (521, 84, 43, 3, 'paternal', '2026-04-16 10:00:00'),
  (522, 84, 34, 4, 'paternal', '2026-04-16 10:00:00'),
  (523, 84, 24, 5, 'paternal', '2026-04-16 10:00:00'),
  (524, 84, 16, 6, 'paternal', '2026-04-16 10:00:00'),
  (525, 84, 10, 7, 'paternal', '2026-04-16 10:00:00'),
  (526, 84, 6, 8, 'paternal', '2026-04-16 10:00:00'),
  (527, 84, 2, 9, 'paternal', '2026-04-16 10:00:00'),
  (528, 84, 1, 10, 'paternal', '2026-04-16 10:00:00'),
  (529, 85, 68, 1, 'paternal', '2026-04-16 10:00:00'),
  (530, 85, 55, 2, 'paternal', '2026-04-16 10:00:00'),
  (531, 85, 44, 3, 'paternal', '2026-04-16 10:00:00'),
  (532, 85, 35, 4, 'paternal', '2026-04-16 10:00:00'),
  (533, 85, 25, 5, 'paternal', '2026-04-16 10:00:00'),
  (534, 85, 17, 6, 'paternal', '2026-04-16 10:00:00'),
  (535, 85, 11, 7, 'paternal', '2026-04-16 10:00:00'),
  (536, 85, 7, 8, 'paternal', '2026-04-16 10:00:00'),
  (537, 85, 3, 9, 'paternal', '2026-04-16 10:00:00'),
  (538, 85, 1, 10, 'paternal', '2026-04-16 10:00:00'),
  (539, 86, 69, 1, 'paternal', '2026-04-16 10:00:00'),
  (540, 86, 56, 2, 'paternal', '2026-04-16 10:00:00'),
  (541, 86, 45, 3, 'paternal', '2026-04-16 10:00:00'),
  (542, 86, 36, 4, 'paternal', '2026-04-16 10:00:00'),
  (543, 86, 26, 5, 'paternal', '2026-04-16 10:00:00'),
  (544, 86, 18, 6, 'paternal', '2026-04-16 10:00:00'),
  (545, 86, 12, 7, 'paternal', '2026-04-16 10:00:00'),
  (546, 86, 4, 8, 'paternal', '2026-04-16 10:00:00'),
  (547, 86, 2, 9, 'paternal', '2026-04-16 10:00:00'),
  (548, 86, 1, 10, 'paternal', '2026-04-16 10:00:00'),
  (549, 87, 70, 1, 'paternal', '2026-04-16 10:00:00'),
  (550, 87, 57, 2, 'paternal', '2026-04-16 10:00:00'),
  (551, 87, 46, 3, 'paternal', '2026-04-16 10:00:00'),
  (552, 87, 37, 4, 'paternal', '2026-04-16 10:00:00'),
  (553, 87, 27, 5, 'paternal', '2026-04-16 10:00:00'),
  (554, 87, 19, 6, 'paternal', '2026-04-16 10:00:00'),
  (555, 87, 13, 7, 'paternal', '2026-04-16 10:00:00'),
  (556, 87, 5, 8, 'paternal', '2026-04-16 10:00:00'),
  (557, 87, 3, 9, 'paternal', '2026-04-16 10:00:00'),
  (558, 87, 1, 10, 'paternal', '2026-04-16 10:00:00'),
  (559, 88, 71, 1, 'paternal', '2026-04-16 10:00:00'),
  (560, 88, 58, 2, 'paternal', '2026-04-16 10:00:00'),
  (561, 88, 47, 3, 'paternal', '2026-04-16 10:00:00'),
  (562, 88, 38, 4, 'paternal', '2026-04-16 10:00:00'),
  (563, 88, 28, 5, 'paternal', '2026-04-16 10:00:00'),
  (564, 88, 20, 6, 'paternal', '2026-04-16 10:00:00'),
  (565, 88, 8, 7, 'paternal', '2026-04-16 10:00:00'),
  (566, 88, 4, 8, 'paternal', '2026-04-16 10:00:00'),
  (567, 88, 2, 9, 'paternal', '2026-04-16 10:00:00'),
  (568, 88, 1, 10, 'paternal', '2026-04-16 10:00:00'),
  (569, 89, 72, 1, 'paternal', '2026-04-16 10:00:00'),
  (570, 89, 59, 2, 'paternal', '2026-04-16 10:00:00'),
  (571, 89, 48, 3, 'paternal', '2026-04-16 10:00:00'),
  (572, 89, 39, 4, 'paternal', '2026-04-16 10:00:00'),
  (573, 89, 29, 5, 'paternal', '2026-04-16 10:00:00'),
  (574, 89, 14, 6, 'paternal', '2026-04-16 10:00:00'),
  (575, 89, 8, 7, 'paternal', '2026-04-16 10:00:00'),
  (576, 89, 4, 8, 'paternal', '2026-04-16 10:00:00'),
  (577, 89, 2, 9, 'paternal', '2026-04-16 10:00:00'),
  (578, 89, 1, 10, 'paternal', '2026-04-16 10:00:00'),
  (579, 90, 73, 1, 'paternal', '2026-04-16 10:00:00'),
  (580, 90, 60, 2, 'paternal', '2026-04-16 10:00:00'),
  (581, 90, 49, 3, 'paternal', '2026-04-16 10:00:00'),
  (582, 90, 32, 4, 'paternal', '2026-04-16 10:00:00'),
  (583, 90, 22, 5, 'paternal', '2026-04-16 10:00:00'),
  (584, 90, 14, 6, 'paternal', '2026-04-16 10:00:00'),
  (585, 90, 8, 7, 'paternal', '2026-04-16 10:00:00'),
  (586, 90, 4, 8, 'paternal', '2026-04-16 10:00:00'),
  (587, 90, 2, 9, 'paternal', '2026-04-16 10:00:00'),
  (588, 90, 1, 10, 'paternal', '2026-04-16 10:00:00'),
  (589, 91, 74, 1, 'paternal', '2026-04-16 10:00:00'),
  (590, 91, 61, 2, 'paternal', '2026-04-16 10:00:00'),
  (591, 91, 41, 3, 'paternal', '2026-04-16 10:00:00'),
  (592, 91, 32, 4, 'paternal', '2026-04-16 10:00:00'),
  (593, 91, 22, 5, 'paternal', '2026-04-16 10:00:00'),
  (594, 91, 14, 6, 'paternal', '2026-04-16 10:00:00'),
  (595, 91, 8, 7, 'paternal', '2026-04-16 10:00:00'),
  (596, 91, 4, 8, 'paternal', '2026-04-16 10:00:00'),
  (597, 91, 2, 9, 'paternal', '2026-04-16 10:00:00'),
  (598, 91, 1, 10, 'paternal', '2026-04-16 10:00:00'),
  (599, 92, 75, 1, 'paternal', '2026-04-16 10:00:00'),
  (600, 92, 52, 2, 'paternal', '2026-04-16 10:00:00'),
  (601, 92, 41, 3, 'paternal', '2026-04-16 10:00:00'),
  (602, 92, 32, 4, 'paternal', '2026-04-16 10:00:00'),
  (603, 92, 22, 5, 'paternal', '2026-04-16 10:00:00'),
  (604, 92, 14, 6, 'paternal', '2026-04-16 10:00:00'),
  (605, 92, 8, 7, 'paternal', '2026-04-16 10:00:00'),
  (606, 92, 4, 8, 'paternal', '2026-04-16 10:00:00'),
  (607, 92, 2, 9, 'paternal', '2026-04-16 10:00:00'),
  (608, 92, 1, 10, 'paternal', '2026-04-16 10:00:00'),
  (609, 93, 76, 1, 'paternal', '2026-04-16 10:00:00'),
  (610, 93, 53, 2, 'paternal', '2026-04-16 10:00:00'),
  (611, 93, 42, 3, 'paternal', '2026-04-16 10:00:00'),
  (612, 93, 33, 4, 'paternal', '2026-04-16 10:00:00'),
  (613, 93, 23, 5, 'paternal', '2026-04-16 10:00:00'),
  (614, 93, 15, 6, 'paternal', '2026-04-16 10:00:00'),
  (615, 93, 9, 7, 'paternal', '2026-04-16 10:00:00'),
  (616, 93, 5, 8, 'paternal', '2026-04-16 10:00:00'),
  (617, 93, 3, 9, 'paternal', '2026-04-16 10:00:00'),
  (618, 93, 1, 10, 'paternal', '2026-04-16 10:00:00'),
  (619, 94, 77, 1, 'paternal', '2026-04-16 10:00:00'),
  (620, 94, 54, 2, 'paternal', '2026-04-16 10:00:00'),
  (621, 94, 43, 3, 'paternal', '2026-04-16 10:00:00'),
  (622, 94, 34, 4, 'paternal', '2026-04-16 10:00:00'),
  (623, 94, 24, 5, 'paternal', '2026-04-16 10:00:00'),
  (624, 94, 16, 6, 'paternal', '2026-04-16 10:00:00'),
  (625, 94, 10, 7, 'paternal', '2026-04-16 10:00:00'),
  (626, 94, 6, 8, 'paternal', '2026-04-16 10:00:00'),
  (627, 94, 2, 9, 'paternal', '2026-04-16 10:00:00'),
  (628, 94, 1, 10, 'paternal', '2026-04-16 10:00:00'),
  (629, 95, 65, 1, 'paternal', '2026-04-16 10:00:00'),
  (630, 95, 52, 2, 'paternal', '2026-04-16 10:00:00'),
  (631, 95, 41, 3, 'paternal', '2026-04-16 10:00:00'),
  (632, 95, 32, 4, 'paternal', '2026-04-16 10:00:00'),
  (633, 95, 22, 5, 'paternal', '2026-04-16 10:00:00'),
  (634, 95, 14, 6, 'paternal', '2026-04-16 10:00:00'),
  (635, 95, 8, 7, 'paternal', '2026-04-16 10:00:00'),
  (636, 95, 4, 8, 'paternal', '2026-04-16 10:00:00'),
  (637, 95, 2, 9, 'paternal', '2026-04-16 10:00:00'),
  (638, 95, 1, 10, 'paternal', '2026-04-16 10:00:00'),
  (639, 96, 66, 1, 'paternal', '2026-04-16 10:00:00'),
  (640, 96, 53, 2, 'paternal', '2026-04-16 10:00:00'),
  (641, 96, 42, 3, 'paternal', '2026-04-16 10:00:00'),
  (642, 96, 33, 4, 'paternal', '2026-04-16 10:00:00'),
  (643, 96, 23, 5, 'paternal', '2026-04-16 10:00:00'),
  (644, 96, 15, 6, 'paternal', '2026-04-16 10:00:00'),
  (645, 96, 9, 7, 'paternal', '2026-04-16 10:00:00'),
  (646, 96, 5, 8, 'paternal', '2026-04-16 10:00:00'),
  (647, 96, 3, 9, 'paternal', '2026-04-16 10:00:00'),
  (648, 96, 1, 10, 'paternal', '2026-04-16 10:00:00'),
  (649, 97, 67, 1, 'paternal', '2026-04-16 10:00:00'),
  (650, 97, 54, 2, 'paternal', '2026-04-16 10:00:00'),
  (651, 97, 43, 3, 'paternal', '2026-04-16 10:00:00'),
  (652, 97, 34, 4, 'paternal', '2026-04-16 10:00:00'),
  (653, 97, 24, 5, 'paternal', '2026-04-16 10:00:00'),
  (654, 97, 16, 6, 'paternal', '2026-04-16 10:00:00'),
  (655, 97, 10, 7, 'paternal', '2026-04-16 10:00:00'),
  (656, 97, 6, 8, 'paternal', '2026-04-16 10:00:00'),
  (657, 97, 2, 9, 'paternal', '2026-04-16 10:00:00'),
  (658, 97, 1, 10, 'paternal', '2026-04-16 10:00:00'),
  (659, 98, 68, 1, 'paternal', '2026-04-16 10:00:00'),
  (660, 98, 55, 2, 'paternal', '2026-04-16 10:00:00'),
  (661, 98, 44, 3, 'paternal', '2026-04-16 10:00:00'),
  (662, 98, 35, 4, 'paternal', '2026-04-16 10:00:00'),
  (663, 98, 25, 5, 'paternal', '2026-04-16 10:00:00'),
  (664, 98, 17, 6, 'paternal', '2026-04-16 10:00:00'),
  (665, 98, 11, 7, 'paternal', '2026-04-16 10:00:00'),
  (666, 98, 7, 8, 'paternal', '2026-04-16 10:00:00'),
  (667, 98, 3, 9, 'paternal', '2026-04-16 10:00:00'),
  (668, 98, 1, 10, 'paternal', '2026-04-16 10:00:00'),
  (669, 99, 69, 1, 'paternal', '2026-04-16 10:00:00'),
  (670, 99, 56, 2, 'paternal', '2026-04-16 10:00:00'),
  (671, 99, 45, 3, 'paternal', '2026-04-16 10:00:00'),
  (672, 99, 36, 4, 'paternal', '2026-04-16 10:00:00'),
  (673, 99, 26, 5, 'paternal', '2026-04-16 10:00:00'),
  (674, 99, 18, 6, 'paternal', '2026-04-16 10:00:00'),
  (675, 99, 12, 7, 'paternal', '2026-04-16 10:00:00'),
  (676, 99, 4, 8, 'paternal', '2026-04-16 10:00:00'),
  (677, 99, 2, 9, 'paternal', '2026-04-16 10:00:00'),
  (678, 99, 1, 10, 'paternal', '2026-04-16 10:00:00'),
  (679, 100, 70, 1, 'paternal', '2026-04-16 10:00:00'),
  (680, 100, 57, 2, 'paternal', '2026-04-16 10:00:00'),
  (681, 100, 46, 3, 'paternal', '2026-04-16 10:00:00'),
  (682, 100, 37, 4, 'paternal', '2026-04-16 10:00:00'),
  (683, 100, 27, 5, 'paternal', '2026-04-16 10:00:00'),
  (684, 100, 19, 6, 'paternal', '2026-04-16 10:00:00'),
  (685, 100, 13, 7, 'paternal', '2026-04-16 10:00:00'),
  (686, 100, 5, 8, 'paternal', '2026-04-16 10:00:00'),
  (687, 100, 3, 9, 'paternal', '2026-04-16 10:00:00'),
  (688, 100, 1, 10, 'paternal', '2026-04-16 10:00:00'),
  (689, 101, 71, 1, 'paternal', '2026-04-16 10:00:00'),
  (690, 101, 58, 2, 'paternal', '2026-04-16 10:00:00'),
  (691, 101, 47, 3, 'paternal', '2026-04-16 10:00:00'),
  (692, 101, 38, 4, 'paternal', '2026-04-16 10:00:00'),
  (693, 101, 28, 5, 'paternal', '2026-04-16 10:00:00'),
  (694, 101, 20, 6, 'paternal', '2026-04-16 10:00:00'),
  (695, 101, 8, 7, 'paternal', '2026-04-16 10:00:00'),
  (696, 101, 4, 8, 'paternal', '2026-04-16 10:00:00'),
  (697, 101, 2, 9, 'paternal', '2026-04-16 10:00:00'),
  (698, 101, 1, 10, 'paternal', '2026-04-16 10:00:00'),
  (699, 102, 72, 1, 'paternal', '2026-04-16 10:00:00'),
  (700, 102, 59, 2, 'paternal', '2026-04-16 10:00:00'),
  (701, 102, 48, 3, 'paternal', '2026-04-16 10:00:00'),
  (702, 102, 39, 4, 'paternal', '2026-04-16 10:00:00'),
  (703, 102, 29, 5, 'paternal', '2026-04-16 10:00:00'),
  (704, 102, 14, 6, 'paternal', '2026-04-16 10:00:00'),
  (705, 102, 8, 7, 'paternal', '2026-04-16 10:00:00'),
  (706, 102, 4, 8, 'paternal', '2026-04-16 10:00:00'),
  (707, 102, 2, 9, 'paternal', '2026-04-16 10:00:00'),
  (708, 102, 1, 10, 'paternal', '2026-04-16 10:00:00'),
  (709, 103, 82, 1, 'paternal', '2026-04-16 10:00:00'),
  (710, 103, 65, 2, 'paternal', '2026-04-16 10:00:00'),
  (711, 103, 52, 3, 'paternal', '2026-04-16 10:00:00'),
  (712, 103, 41, 4, 'paternal', '2026-04-16 10:00:00'),
  (713, 103, 32, 5, 'paternal', '2026-04-16 10:00:00'),
  (714, 103, 22, 6, 'paternal', '2026-04-16 10:00:00'),
  (715, 103, 14, 7, 'paternal', '2026-04-16 10:00:00'),
  (716, 103, 8, 8, 'paternal', '2026-04-16 10:00:00'),
  (717, 103, 4, 9, 'paternal', '2026-04-16 10:00:00'),
  (718, 103, 2, 10, 'paternal', '2026-04-16 10:00:00'),
  (719, 103, 1, 11, 'paternal', '2026-04-16 10:00:00'),
  (720, 104, 83, 1, 'paternal', '2026-04-16 10:00:00'),
  (721, 104, 66, 2, 'paternal', '2026-04-16 10:00:00'),
  (722, 104, 53, 3, 'paternal', '2026-04-16 10:00:00'),
  (723, 104, 42, 4, 'paternal', '2026-04-16 10:00:00'),
  (724, 104, 33, 5, 'paternal', '2026-04-16 10:00:00'),
  (725, 104, 23, 6, 'paternal', '2026-04-16 10:00:00'),
  (726, 104, 15, 7, 'paternal', '2026-04-16 10:00:00'),
  (727, 104, 9, 8, 'paternal', '2026-04-16 10:00:00'),
  (728, 104, 5, 9, 'paternal', '2026-04-16 10:00:00'),
  (729, 104, 3, 10, 'paternal', '2026-04-16 10:00:00'),
  (730, 104, 1, 11, 'paternal', '2026-04-16 10:00:00'),
  (731, 105, 84, 1, 'paternal', '2026-04-16 10:00:00'),
  (732, 105, 67, 2, 'paternal', '2026-04-16 10:00:00'),
  (733, 105, 54, 3, 'paternal', '2026-04-16 10:00:00'),
  (734, 105, 43, 4, 'paternal', '2026-04-16 10:00:00'),
  (735, 105, 34, 5, 'paternal', '2026-04-16 10:00:00'),
  (736, 105, 24, 6, 'paternal', '2026-04-16 10:00:00'),
  (737, 105, 16, 7, 'paternal', '2026-04-16 10:00:00'),
  (738, 105, 10, 8, 'paternal', '2026-04-16 10:00:00'),
  (739, 105, 6, 9, 'paternal', '2026-04-16 10:00:00'),
  (740, 105, 2, 10, 'paternal', '2026-04-16 10:00:00'),
  (741, 105, 1, 11, 'paternal', '2026-04-16 10:00:00'),
  (742, 106, 85, 1, 'paternal', '2026-04-16 10:00:00'),
  (743, 106, 68, 2, 'paternal', '2026-04-16 10:00:00'),
  (744, 106, 55, 3, 'paternal', '2026-04-16 10:00:00'),
  (745, 106, 44, 4, 'paternal', '2026-04-16 10:00:00'),
  (746, 106, 35, 5, 'paternal', '2026-04-16 10:00:00'),
  (747, 106, 25, 6, 'paternal', '2026-04-16 10:00:00'),
  (748, 106, 17, 7, 'paternal', '2026-04-16 10:00:00'),
  (749, 106, 11, 8, 'paternal', '2026-04-16 10:00:00'),
  (750, 106, 7, 9, 'paternal', '2026-04-16 10:00:00'),
  (751, 106, 3, 10, 'paternal', '2026-04-16 10:00:00'),
  (752, 106, 1, 11, 'paternal', '2026-04-16 10:00:00'),
  (753, 107, 86, 1, 'paternal', '2026-04-16 10:00:00'),
  (754, 107, 69, 2, 'paternal', '2026-04-16 10:00:00'),
  (755, 107, 56, 3, 'paternal', '2026-04-16 10:00:00'),
  (756, 107, 45, 4, 'paternal', '2026-04-16 10:00:00'),
  (757, 107, 36, 5, 'paternal', '2026-04-16 10:00:00'),
  (758, 107, 26, 6, 'paternal', '2026-04-16 10:00:00'),
  (759, 107, 18, 7, 'paternal', '2026-04-16 10:00:00'),
  (760, 107, 12, 8, 'paternal', '2026-04-16 10:00:00'),
  (761, 107, 4, 9, 'paternal', '2026-04-16 10:00:00'),
  (762, 107, 2, 10, 'paternal', '2026-04-16 10:00:00'),
  (763, 107, 1, 11, 'paternal', '2026-04-16 10:00:00'),
  (764, 108, 87, 1, 'paternal', '2026-04-16 10:00:00'),
  (765, 108, 70, 2, 'paternal', '2026-04-16 10:00:00'),
  (766, 108, 57, 3, 'paternal', '2026-04-16 10:00:00'),
  (767, 108, 46, 4, 'paternal', '2026-04-16 10:00:00'),
  (768, 108, 37, 5, 'paternal', '2026-04-16 10:00:00'),
  (769, 108, 27, 6, 'paternal', '2026-04-16 10:00:00'),
  (770, 108, 19, 7, 'paternal', '2026-04-16 10:00:00'),
  (771, 108, 13, 8, 'paternal', '2026-04-16 10:00:00'),
  (772, 108, 5, 9, 'paternal', '2026-04-16 10:00:00'),
  (773, 108, 3, 10, 'paternal', '2026-04-16 10:00:00'),
  (774, 108, 1, 11, 'paternal', '2026-04-16 10:00:00'),
  (775, 109, 88, 1, 'paternal', '2026-04-16 10:00:00'),
  (776, 109, 71, 2, 'paternal', '2026-04-16 10:00:00'),
  (777, 109, 58, 3, 'paternal', '2026-04-16 10:00:00'),
  (778, 109, 47, 4, 'paternal', '2026-04-16 10:00:00'),
  (779, 109, 38, 5, 'paternal', '2026-04-16 10:00:00'),
  (780, 109, 28, 6, 'paternal', '2026-04-16 10:00:00'),
  (781, 109, 20, 7, 'paternal', '2026-04-16 10:00:00'),
  (782, 109, 8, 8, 'paternal', '2026-04-16 10:00:00'),
  (783, 109, 4, 9, 'paternal', '2026-04-16 10:00:00'),
  (784, 109, 2, 10, 'paternal', '2026-04-16 10:00:00'),
  (785, 109, 1, 11, 'paternal', '2026-04-16 10:00:00'),
  (786, 110, 89, 1, 'paternal', '2026-04-16 10:00:00'),
  (787, 110, 72, 2, 'paternal', '2026-04-16 10:00:00'),
  (788, 110, 59, 3, 'paternal', '2026-04-16 10:00:00'),
  (789, 110, 48, 4, 'paternal', '2026-04-16 10:00:00'),
  (790, 110, 39, 5, 'paternal', '2026-04-16 10:00:00'),
  (791, 110, 29, 6, 'paternal', '2026-04-16 10:00:00'),
  (792, 110, 14, 7, 'paternal', '2026-04-16 10:00:00'),
  (793, 110, 8, 8, 'paternal', '2026-04-16 10:00:00'),
  (794, 110, 4, 9, 'paternal', '2026-04-16 10:00:00'),
  (795, 110, 2, 10, 'paternal', '2026-04-16 10:00:00'),
  (796, 110, 1, 11, 'paternal', '2026-04-16 10:00:00'),
  (797, 111, 90, 1, 'paternal', '2026-04-16 10:00:00'),
  (798, 111, 73, 2, 'paternal', '2026-04-16 10:00:00'),
  (799, 111, 60, 3, 'paternal', '2026-04-16 10:00:00'),
  (800, 111, 49, 4, 'paternal', '2026-04-16 10:00:00'),
  (801, 111, 32, 5, 'paternal', '2026-04-16 10:00:00'),
  (802, 111, 22, 6, 'paternal', '2026-04-16 10:00:00'),
  (803, 111, 14, 7, 'paternal', '2026-04-16 10:00:00'),
  (804, 111, 8, 8, 'paternal', '2026-04-16 10:00:00'),
  (805, 111, 4, 9, 'paternal', '2026-04-16 10:00:00'),
  (806, 111, 2, 10, 'paternal', '2026-04-16 10:00:00'),
  (807, 111, 1, 11, 'paternal', '2026-04-16 10:00:00'),
  (808, 112, 91, 1, 'paternal', '2026-04-16 10:00:00'),
  (809, 112, 74, 2, 'paternal', '2026-04-16 10:00:00'),
  (810, 112, 61, 3, 'paternal', '2026-04-16 10:00:00'),
  (811, 112, 41, 4, 'paternal', '2026-04-16 10:00:00'),
  (812, 112, 32, 5, 'paternal', '2026-04-16 10:00:00'),
  (813, 112, 22, 6, 'paternal', '2026-04-16 10:00:00'),
  (814, 112, 14, 7, 'paternal', '2026-04-16 10:00:00'),
  (815, 112, 8, 8, 'paternal', '2026-04-16 10:00:00'),
  (816, 112, 4, 9, 'paternal', '2026-04-16 10:00:00'),
  (817, 112, 2, 10, 'paternal', '2026-04-16 10:00:00'),
  (818, 112, 1, 11, 'paternal', '2026-04-16 10:00:00'),
  (819, 113, 92, 1, 'paternal', '2026-04-16 10:00:00'),
  (820, 113, 75, 2, 'paternal', '2026-04-16 10:00:00'),
  (821, 113, 52, 3, 'paternal', '2026-04-16 10:00:00'),
  (822, 113, 41, 4, 'paternal', '2026-04-16 10:00:00'),
  (823, 113, 32, 5, 'paternal', '2026-04-16 10:00:00'),
  (824, 113, 22, 6, 'paternal', '2026-04-16 10:00:00'),
  (825, 113, 14, 7, 'paternal', '2026-04-16 10:00:00'),
  (826, 113, 8, 8, 'paternal', '2026-04-16 10:00:00'),
  (827, 113, 4, 9, 'paternal', '2026-04-16 10:00:00'),
  (828, 113, 2, 10, 'paternal', '2026-04-16 10:00:00'),
  (829, 113, 1, 11, 'paternal', '2026-04-16 10:00:00'),
  (830, 114, 93, 1, 'paternal', '2026-04-16 10:00:00'),
  (831, 114, 76, 2, 'paternal', '2026-04-16 10:00:00'),
  (832, 114, 53, 3, 'paternal', '2026-04-16 10:00:00'),
  (833, 114, 42, 4, 'paternal', '2026-04-16 10:00:00'),
  (834, 114, 33, 5, 'paternal', '2026-04-16 10:00:00'),
  (835, 114, 23, 6, 'paternal', '2026-04-16 10:00:00'),
  (836, 114, 15, 7, 'paternal', '2026-04-16 10:00:00'),
  (837, 114, 9, 8, 'paternal', '2026-04-16 10:00:00'),
  (838, 114, 5, 9, 'paternal', '2026-04-16 10:00:00'),
  (839, 114, 3, 10, 'paternal', '2026-04-16 10:00:00'),
  (840, 114, 1, 11, 'paternal', '2026-04-16 10:00:00'),
  (841, 115, 94, 1, 'paternal', '2026-04-16 10:00:00'),
  (842, 115, 77, 2, 'paternal', '2026-04-16 10:00:00'),
  (843, 115, 54, 3, 'paternal', '2026-04-16 10:00:00'),
  (844, 115, 43, 4, 'paternal', '2026-04-16 10:00:00'),
  (845, 115, 34, 5, 'paternal', '2026-04-16 10:00:00'),
  (846, 115, 24, 6, 'paternal', '2026-04-16 10:00:00'),
  (847, 115, 16, 7, 'paternal', '2026-04-16 10:00:00'),
  (848, 115, 10, 8, 'paternal', '2026-04-16 10:00:00'),
  (849, 115, 6, 9, 'paternal', '2026-04-16 10:00:00'),
  (850, 115, 2, 10, 'paternal', '2026-04-16 10:00:00'),
  (851, 115, 1, 11, 'paternal', '2026-04-16 10:00:00'),
  (852, 116, 95, 1, 'paternal', '2026-04-16 10:00:00'),
  (853, 116, 65, 2, 'paternal', '2026-04-16 10:00:00'),
  (854, 116, 52, 3, 'paternal', '2026-04-16 10:00:00'),
  (855, 116, 41, 4, 'paternal', '2026-04-16 10:00:00'),
  (856, 116, 32, 5, 'paternal', '2026-04-16 10:00:00'),
  (857, 116, 22, 6, 'paternal', '2026-04-16 10:00:00'),
  (858, 116, 14, 7, 'paternal', '2026-04-16 10:00:00'),
  (859, 116, 8, 8, 'paternal', '2026-04-16 10:00:00'),
  (860, 116, 4, 9, 'paternal', '2026-04-16 10:00:00'),
  (861, 116, 2, 10, 'paternal', '2026-04-16 10:00:00'),
  (862, 116, 1, 11, 'paternal', '2026-04-16 10:00:00'),
  (863, 117, 96, 1, 'paternal', '2026-04-16 10:00:00'),
  (864, 117, 66, 2, 'paternal', '2026-04-16 10:00:00'),
  (865, 117, 53, 3, 'paternal', '2026-04-16 10:00:00'),
  (866, 117, 42, 4, 'paternal', '2026-04-16 10:00:00'),
  (867, 117, 33, 5, 'paternal', '2026-04-16 10:00:00'),
  (868, 117, 23, 6, 'paternal', '2026-04-16 10:00:00'),
  (869, 117, 15, 7, 'paternal', '2026-04-16 10:00:00'),
  (870, 117, 9, 8, 'paternal', '2026-04-16 10:00:00'),
  (871, 117, 5, 9, 'paternal', '2026-04-16 10:00:00'),
  (872, 117, 3, 10, 'paternal', '2026-04-16 10:00:00'),
  (873, 117, 1, 11, 'paternal', '2026-04-16 10:00:00'),
  (874, 118, 97, 1, 'paternal', '2026-04-16 10:00:00'),
  (875, 118, 67, 2, 'paternal', '2026-04-16 10:00:00'),
  (876, 118, 54, 3, 'paternal', '2026-04-16 10:00:00'),
  (877, 118, 43, 4, 'paternal', '2026-04-16 10:00:00'),
  (878, 118, 34, 5, 'paternal', '2026-04-16 10:00:00'),
  (879, 118, 24, 6, 'paternal', '2026-04-16 10:00:00'),
  (880, 118, 16, 7, 'paternal', '2026-04-16 10:00:00'),
  (881, 118, 10, 8, 'paternal', '2026-04-16 10:00:00'),
  (882, 118, 6, 9, 'paternal', '2026-04-16 10:00:00'),
  (883, 118, 2, 10, 'paternal', '2026-04-16 10:00:00'),
  (884, 118, 1, 11, 'paternal', '2026-04-16 10:00:00'),
  (885, 119, 98, 1, 'paternal', '2026-04-16 10:00:00'),
  (886, 119, 68, 2, 'paternal', '2026-04-16 10:00:00'),
  (887, 119, 55, 3, 'paternal', '2026-04-16 10:00:00'),
  (888, 119, 44, 4, 'paternal', '2026-04-16 10:00:00'),
  (889, 119, 35, 5, 'paternal', '2026-04-16 10:00:00'),
  (890, 119, 25, 6, 'paternal', '2026-04-16 10:00:00'),
  (891, 119, 17, 7, 'paternal', '2026-04-16 10:00:00'),
  (892, 119, 11, 8, 'paternal', '2026-04-16 10:00:00'),
  (893, 119, 7, 9, 'paternal', '2026-04-16 10:00:00'),
  (894, 119, 3, 10, 'paternal', '2026-04-16 10:00:00'),
  (895, 119, 1, 11, 'paternal', '2026-04-16 10:00:00'),
  (896, 120, 82, 1, 'paternal', '2026-04-16 10:00:00'),
  (897, 120, 65, 2, 'paternal', '2026-04-16 10:00:00'),
  (898, 120, 52, 3, 'paternal', '2026-04-16 10:00:00'),
  (899, 120, 41, 4, 'paternal', '2026-04-16 10:00:00'),
  (900, 120, 32, 5, 'paternal', '2026-04-16 10:00:00'),
  (901, 120, 22, 6, 'paternal', '2026-04-16 10:00:00'),
  (902, 120, 14, 7, 'paternal', '2026-04-16 10:00:00'),
  (903, 120, 8, 8, 'paternal', '2026-04-16 10:00:00'),
  (904, 120, 4, 9, 'paternal', '2026-04-16 10:00:00'),
  (905, 120, 2, 10, 'paternal', '2026-04-16 10:00:00'),
  (906, 120, 1, 11, 'paternal', '2026-04-16 10:00:00'),
  (907, 121, 83, 1, 'paternal', '2026-04-16 10:00:00'),
  (908, 121, 66, 2, 'paternal', '2026-04-16 10:00:00'),
  (909, 121, 53, 3, 'paternal', '2026-04-16 10:00:00'),
  (910, 121, 42, 4, 'paternal', '2026-04-16 10:00:00'),
  (911, 121, 33, 5, 'paternal', '2026-04-16 10:00:00'),
  (912, 121, 23, 6, 'paternal', '2026-04-16 10:00:00'),
  (913, 121, 15, 7, 'paternal', '2026-04-16 10:00:00'),
  (914, 121, 9, 8, 'paternal', '2026-04-16 10:00:00'),
  (915, 121, 5, 9, 'paternal', '2026-04-16 10:00:00'),
  (916, 121, 3, 10, 'paternal', '2026-04-16 10:00:00'),
  (917, 121, 1, 11, 'paternal', '2026-04-16 10:00:00'),
  (918, 122, 84, 1, 'paternal', '2026-04-16 10:00:00'),
  (919, 122, 67, 2, 'paternal', '2026-04-16 10:00:00'),
  (920, 122, 54, 3, 'paternal', '2026-04-16 10:00:00'),
  (921, 122, 43, 4, 'paternal', '2026-04-16 10:00:00'),
  (922, 122, 34, 5, 'paternal', '2026-04-16 10:00:00'),
  (923, 122, 24, 6, 'paternal', '2026-04-16 10:00:00'),
  (924, 122, 16, 7, 'paternal', '2026-04-16 10:00:00'),
  (925, 122, 10, 8, 'paternal', '2026-04-16 10:00:00'),
  (926, 122, 6, 9, 'paternal', '2026-04-16 10:00:00'),
  (927, 122, 2, 10, 'paternal', '2026-04-16 10:00:00'),
  (928, 122, 1, 11, 'paternal', '2026-04-16 10:00:00'),
  (929, 123, 103, 1, 'paternal', '2026-04-16 10:00:00'),
  (930, 123, 82, 2, 'paternal', '2026-04-16 10:00:00'),
  (931, 123, 65, 3, 'paternal', '2026-04-16 10:00:00'),
  (932, 123, 52, 4, 'paternal', '2026-04-16 10:00:00'),
  (933, 123, 41, 5, 'paternal', '2026-04-16 10:00:00'),
  (934, 123, 32, 6, 'paternal', '2026-04-16 10:00:00'),
  (935, 123, 22, 7, 'paternal', '2026-04-16 10:00:00'),
  (936, 123, 14, 8, 'paternal', '2026-04-16 10:00:00'),
  (937, 123, 8, 9, 'paternal', '2026-04-16 10:00:00'),
  (938, 123, 4, 10, 'paternal', '2026-04-16 10:00:00'),
  (939, 123, 2, 11, 'paternal', '2026-04-16 10:00:00'),
  (940, 123, 1, 12, 'paternal', '2026-04-16 10:00:00'),
  (941, 124, 104, 1, 'paternal', '2026-04-16 10:00:00'),
  (942, 124, 83, 2, 'paternal', '2026-04-16 10:00:00'),
  (943, 124, 66, 3, 'paternal', '2026-04-16 10:00:00'),
  (944, 124, 53, 4, 'paternal', '2026-04-16 10:00:00'),
  (945, 124, 42, 5, 'paternal', '2026-04-16 10:00:00'),
  (946, 124, 33, 6, 'paternal', '2026-04-16 10:00:00'),
  (947, 124, 23, 7, 'paternal', '2026-04-16 10:00:00'),
  (948, 124, 15, 8, 'paternal', '2026-04-16 10:00:00'),
  (949, 124, 9, 9, 'paternal', '2026-04-16 10:00:00'),
  (950, 124, 5, 10, 'paternal', '2026-04-16 10:00:00'),
  (951, 124, 3, 11, 'paternal', '2026-04-16 10:00:00'),
  (952, 124, 1, 12, 'paternal', '2026-04-16 10:00:00'),
  (953, 125, 105, 1, 'paternal', '2026-04-16 10:00:00'),
  (954, 125, 84, 2, 'paternal', '2026-04-16 10:00:00'),
  (955, 125, 67, 3, 'paternal', '2026-04-16 10:00:00'),
  (956, 125, 54, 4, 'paternal', '2026-04-16 10:00:00'),
  (957, 125, 43, 5, 'paternal', '2026-04-16 10:00:00'),
  (958, 125, 34, 6, 'paternal', '2026-04-16 10:00:00'),
  (959, 125, 24, 7, 'paternal', '2026-04-16 10:00:00'),
  (960, 125, 16, 8, 'paternal', '2026-04-16 10:00:00'),
  (961, 125, 10, 9, 'paternal', '2026-04-16 10:00:00'),
  (962, 125, 6, 10, 'paternal', '2026-04-16 10:00:00'),
  (963, 125, 2, 11, 'paternal', '2026-04-16 10:00:00'),
  (964, 125, 1, 12, 'paternal', '2026-04-16 10:00:00'),
  (965, 126, 106, 1, 'paternal', '2026-04-16 10:00:00'),
  (966, 126, 85, 2, 'paternal', '2026-04-16 10:00:00'),
  (967, 126, 68, 3, 'paternal', '2026-04-16 10:00:00'),
  (968, 126, 55, 4, 'paternal', '2026-04-16 10:00:00'),
  (969, 126, 44, 5, 'paternal', '2026-04-16 10:00:00'),
  (970, 126, 35, 6, 'paternal', '2026-04-16 10:00:00'),
  (971, 126, 25, 7, 'paternal', '2026-04-16 10:00:00'),
  (972, 126, 17, 8, 'paternal', '2026-04-16 10:00:00'),
  (973, 126, 11, 9, 'paternal', '2026-04-16 10:00:00'),
  (974, 126, 7, 10, 'paternal', '2026-04-16 10:00:00'),
  (975, 126, 3, 11, 'paternal', '2026-04-16 10:00:00'),
  (976, 126, 1, 12, 'paternal', '2026-04-16 10:00:00'),
  (977, 127, 107, 1, 'paternal', '2026-04-16 10:00:00'),
  (978, 127, 86, 2, 'paternal', '2026-04-16 10:00:00'),
  (979, 127, 69, 3, 'paternal', '2026-04-16 10:00:00'),
  (980, 127, 56, 4, 'paternal', '2026-04-16 10:00:00'),
  (981, 127, 45, 5, 'paternal', '2026-04-16 10:00:00'),
  (982, 127, 36, 6, 'paternal', '2026-04-16 10:00:00'),
  (983, 127, 26, 7, 'paternal', '2026-04-16 10:00:00'),
  (984, 127, 18, 8, 'paternal', '2026-04-16 10:00:00'),
  (985, 127, 12, 9, 'paternal', '2026-04-16 10:00:00'),
  (986, 127, 4, 10, 'paternal', '2026-04-16 10:00:00'),
  (987, 127, 2, 11, 'paternal', '2026-04-16 10:00:00'),
  (988, 127, 1, 12, 'paternal', '2026-04-16 10:00:00'),
  (989, 128, 108, 1, 'paternal', '2026-04-16 10:00:00'),
  (990, 128, 87, 2, 'paternal', '2026-04-16 10:00:00'),
  (991, 128, 70, 3, 'paternal', '2026-04-16 10:00:00'),
  (992, 128, 57, 4, 'paternal', '2026-04-16 10:00:00'),
  (993, 128, 46, 5, 'paternal', '2026-04-16 10:00:00'),
  (994, 128, 37, 6, 'paternal', '2026-04-16 10:00:00'),
  (995, 128, 27, 7, 'paternal', '2026-04-16 10:00:00'),
  (996, 128, 19, 8, 'paternal', '2026-04-16 10:00:00'),
  (997, 128, 13, 9, 'paternal', '2026-04-16 10:00:00'),
  (998, 128, 5, 10, 'paternal', '2026-04-16 10:00:00'),
  (999, 128, 3, 11, 'paternal', '2026-04-16 10:00:00'),
  (1000, 128, 1, 12, 'paternal', '2026-04-16 10:00:00'),
  (1001, 129, 109, 1, 'paternal', '2026-04-16 10:00:00'),
  (1002, 129, 88, 2, 'paternal', '2026-04-16 10:00:00'),
  (1003, 129, 71, 3, 'paternal', '2026-04-16 10:00:00'),
  (1004, 129, 58, 4, 'paternal', '2026-04-16 10:00:00'),
  (1005, 129, 47, 5, 'paternal', '2026-04-16 10:00:00'),
  (1006, 129, 38, 6, 'paternal', '2026-04-16 10:00:00'),
  (1007, 129, 28, 7, 'paternal', '2026-04-16 10:00:00'),
  (1008, 129, 20, 8, 'paternal', '2026-04-16 10:00:00'),
  (1009, 129, 8, 9, 'paternal', '2026-04-16 10:00:00'),
  (1010, 129, 4, 10, 'paternal', '2026-04-16 10:00:00'),
  (1011, 129, 2, 11, 'paternal', '2026-04-16 10:00:00'),
  (1012, 129, 1, 12, 'paternal', '2026-04-16 10:00:00'),
  (1013, 130, 110, 1, 'paternal', '2026-04-16 10:00:00'),
  (1014, 130, 89, 2, 'paternal', '2026-04-16 10:00:00'),
  (1015, 130, 72, 3, 'paternal', '2026-04-16 10:00:00'),
  (1016, 130, 59, 4, 'paternal', '2026-04-16 10:00:00'),
  (1017, 130, 48, 5, 'paternal', '2026-04-16 10:00:00'),
  (1018, 130, 39, 6, 'paternal', '2026-04-16 10:00:00'),
  (1019, 130, 29, 7, 'paternal', '2026-04-16 10:00:00'),
  (1020, 130, 14, 8, 'paternal', '2026-04-16 10:00:00'),
  (1021, 130, 8, 9, 'paternal', '2026-04-16 10:00:00'),
  (1022, 130, 4, 10, 'paternal', '2026-04-16 10:00:00'),
  (1023, 130, 2, 11, 'paternal', '2026-04-16 10:00:00'),
  (1024, 130, 1, 12, 'paternal', '2026-04-16 10:00:00'),
  (1025, 131, 111, 1, 'paternal', '2026-04-16 10:00:00'),
  (1026, 131, 90, 2, 'paternal', '2026-04-16 10:00:00'),
  (1027, 131, 73, 3, 'paternal', '2026-04-16 10:00:00'),
  (1028, 131, 60, 4, 'paternal', '2026-04-16 10:00:00'),
  (1029, 131, 49, 5, 'paternal', '2026-04-16 10:00:00'),
  (1030, 131, 32, 6, 'paternal', '2026-04-16 10:00:00'),
  (1031, 131, 22, 7, 'paternal', '2026-04-16 10:00:00'),
  (1032, 131, 14, 8, 'paternal', '2026-04-16 10:00:00'),
  (1033, 131, 8, 9, 'paternal', '2026-04-16 10:00:00'),
  (1034, 131, 4, 10, 'paternal', '2026-04-16 10:00:00'),
  (1035, 131, 2, 11, 'paternal', '2026-04-16 10:00:00'),
  (1036, 131, 1, 12, 'paternal', '2026-04-16 10:00:00'),
  (1037, 132, 112, 1, 'paternal', '2026-04-16 10:00:00'),
  (1038, 132, 91, 2, 'paternal', '2026-04-16 10:00:00'),
  (1039, 132, 74, 3, 'paternal', '2026-04-16 10:00:00'),
  (1040, 132, 61, 4, 'paternal', '2026-04-16 10:00:00'),
  (1041, 132, 41, 5, 'paternal', '2026-04-16 10:00:00'),
  (1042, 132, 32, 6, 'paternal', '2026-04-16 10:00:00'),
  (1043, 132, 22, 7, 'paternal', '2026-04-16 10:00:00'),
  (1044, 132, 14, 8, 'paternal', '2026-04-16 10:00:00'),
  (1045, 132, 8, 9, 'paternal', '2026-04-16 10:00:00'),
  (1046, 132, 4, 10, 'paternal', '2026-04-16 10:00:00'),
  (1047, 132, 2, 11, 'paternal', '2026-04-16 10:00:00'),
  (1048, 132, 1, 12, 'paternal', '2026-04-16 10:00:00');

UPDATE family_member
SET
  name = CASE WHEN name LIKE '沈%' THEN SUBSTRING(name, 2) ELSE name END,
  spouse_name = CASE WHEN spouse_name LIKE '沈%' THEN SUBSTRING(spouse_name, 2) ELSE spouse_name END,
  mother_name = CASE WHEN mother_name LIKE '沈%' THEN SUBSTRING(mother_name, 2) ELSE mother_name END;

SET FOREIGN_KEY_CHECKS = 1;
